timestamp,btc_close,probability,prediction,actual
2026-01-18 11:00:00+00:00,95124.703125,0.00646099248356643,0,0
2026-01-18 14:00:00+00:00,94904.9375,0.007334783278062998,0,0
2026-01-18 15:00:00+00:00,95088.28125,0.0071675633854193475,0,0
2026-01-18 18:00:00+00:00,95439.3671875,0.006191848351646565,0,1
2026-01-18 19:00:00+00:00,95334.5625,0.006750787170403978,0,1
2026-01-18 20:00:00+00:00,95266.8046875,0.006175112045102245,0,1
2026-01-18 21:00:00+00:00,95388.8515625,0.006013137658200723,0,1
2026-01-18 23:00:00+00:00,93655.671875,0.007397436262577627,0,0
2026-01-19 00:00:00+00:00,92697.59375,0.010326564427749367,0,0
2026-01-19 01:00:00+00:00,92509.7265625,0.007363484686497438,0,0
2026-01-19 02:00:00+00:00,92518.2109375,0.006384032964596055,0,0
2026-01-19 03:00:00+00:00,92642.5625,0.005649044255394678,0,0
2026-01-19 04:00:00+00:00,92674.09375,0.005653128851769934,0,0
2026-01-19 05:00:00+00:00,92484.2890625,0.0055493944283527465,0,0
2026-01-19 06:00:00+00:00,92511.3046875,0.005843314531325524,0,0
2026-01-19 07:00:00+00:00,92792.71875,0.005461461855283104,0,0
2026-01-19 08:00:00+00:00,93259.109375,0.006702470711125126,0,0
2026-01-19 09:00:00+00:00,92993.5625,0.006712748491913999,0,0
2026-01-19 11:00:00+00:00,93140.140625,0.006934984686263309,0,0
2026-01-19 12:00:00+00:00,92996.1953125,0.006199188142567007,0,0
2026-01-19 13:00:00+00:00,92964.34375,0.007372755996632991,0,0
2026-01-19 14:00:00+00:00,92768.84375,0.006006039241171027,0,0
2026-01-19 16:00:00+00:00,93298.6640625,0.0070591470974597755,0,0
2026-01-19 17:00:00+00:00,93182.34375,0.006867375114783206,0,0
2026-01-19 18:00:00+00:00,93003.1875,0.009720588068757176,0,0
2026-01-19 21:00:00+00:00,92975.2578125,0.0094190003663354,0,0
2026-01-19 22:00:00+00:00,92570.8125,0.009280422188889222,0,0
2026-01-19 23:00:00+00:00,92553.6015625,0.009356663166093406,0,0
2026-01-20 06:00:00+00:00,90770.21875,0.1364925034506897,1,0
2026-01-20 07:00:00+00:00,91076.8671875,0.7505981333857568,1,0
2026-01-20 08:00:00+00:00,90998.25,0.7469049569809563,1,0
2026-01-20 09:00:00+00:00,90938.984375,0.4891828885388862,1,0
2026-01-20 12:00:00+00:00,91195.4375,0.7245798626777278,1,0
2026-01-20 13:00:00+00:00,90871.96875,0.5029174892594258,1,0
2026-01-20 14:00:00+00:00,90583.90625,0.5814405900769959,1,0
2026-01-20 15:00:00+00:00,90429.4609375,0.6296579283366259,1,0
2026-01-20 16:00:00+00:00,90095.3359375,0.14752855048987523,1,0
2026-01-20 17:00:00+00:00,89671.7265625,0.06328764832340732,0,0
2026-01-20 18:00:00+00:00,89393.78125,0.03196172071579025,0,0
2026-01-20 19:00:00+00:00,89597.7265625,0.12772483060574402,0,0
2026-01-20 20:00:00+00:00,89504.59375,0.12786058389415444,0,0
2026-01-20 21:00:00+00:00,89416.03125,0.18992503548382478,1,0
2026-01-20 22:00:00+00:00,88411.828125,0.14704943464472287,1,0
2026-01-20 23:00:00+00:00,88326.5078125,0.32724719772258626,1,0
2026-01-21 00:00:00+00:00,88816.96875,0.31422347723994964,1,0
2026-01-21 01:00:00+00:00,88909.5859375,0.8983997613113701,1,0
2026-01-21 02:00:00+00:00,88958.2265625,0.8369608394473785,1,0
2026-01-21 03:00:00+00:00,89315.8828125,0.8053603625093868,1,0
2026-01-21 04:00:00+00:00,89352.0078125,0.2888749930047646,1,0
2026-01-21 05:00:00+00:00,89813.7734375,0.17693583050775194,1,0
2026-01-21 08:00:00+00:00,89101.4921875,0.5252438482886556,1,0
2026-01-21 11:00:00+00:00,88687.1328125,0.4133817850674496,1,0
2026-01-21 13:00:00+00:00,88700.5,0.33797715192076216,1,0
2026-01-21 15:00:00+00:00,90238.5859375,0.9207552595921706,1,1
2026-01-21 17:00:00+00:00,87895.9296875,0.7122504765266862,1,0
2026-01-21 18:00:00+00:00,88377.2890625,0.9379589139781561,1,0
2026-01-21 19:00:00+00:00,90246.1328125,0.972321503126289,1,0
2026-01-21 20:00:00+00:00,90090.5546875,0.9855123720772906,1,0
2026-01-21 21:00:00+00:00,90194.1328125,0.9897975249801079,1,0
2026-01-21 22:00:00+00:00,89782.7421875,0.4191095373159121,1,0
2026-01-22 11:00:00+00:00,89853.8828125,0.03262788258514172,0,0
2026-01-22 14:00:00+00:00,89121.171875,0.022052186733693423,0,0
2026-01-22 16:00:00+00:00,88906.21875,0.022070758881671912,0,0
2026-01-23 05:00:00+00:00,89495.859375,0.5671533934749948,1,0
2026-01-23 07:00:00+00:00,89438.1640625,0.20965262695202652,1,0
2026-01-23 08:00:00+00:00,89134.0390625,0.06714637752000746,0,0
2026-01-23 09:00:00+00:00,88848.1875,0.060928796486594744,0,0
2026-01-23 10:00:00+00:00,88907.9609375,0.1766961236277212,1,0
2026-01-23 12:00:00+00:00,89177.328125,0.4531692975887692,1,0
2026-01-23 15:00:00+00:00,89529.734375,0.2515982311348425,1,0
2026-01-23 18:00:00+00:00,90460.0703125,0.9880122679360988,1,0
2026-01-23 19:00:00+00:00,89854.390625,0.9642760669622301,1,0
2026-01-23 20:00:00+00:00,89444.8828125,0.08376329906654723,0,0
2026-01-23 22:00:00+00:00,89534.2421875,0.7946494718910352,1,0
2026-01-23 23:00:00+00:00,89506.1484375,0.18340012985656987,1,0
2026-01-25 00:00:00+00:00,89154.3671875,0.014222653672770633,0,0
2026-01-25 01:00:00+00:00,89032.7421875,0.05356098957996826,0,0
2026-01-25 04:00:00+00:00,88923.28125,0.014863162117866917,0,0
2026-01-25 05:00:00+00:00,88862.65625,0.015590933867270267,0,0
2026-01-25 06:00:00+00:00,88718.78125,0.018058793996466746,0,0
2026-01-25 07:00:00+00:00,88513.375,0.034804667679343364,0,0
2026-01-25 08:00:00+00:00,88188.765625,0.019489271118917628,0,0
2026-01-25 09:00:00+00:00,88263.265625,0.018816342466218595,0,0
2026-01-25 10:00:00+00:00,88512.4140625,0.01605684597984694,0,0
2026-01-25 11:00:00+00:00,88436.84375,0.024926219279816877,0,0
2026-01-25 12:00:00+00:00,88649.5859375,0.025421084633669495,0,0
2026-01-25 13:00:00+00:00,88787.1328125,0.047044068566870954,0,1
2026-01-25 14:00:00+00:00,88573.75,0.35723837363423516,1,1
2026-01-25 16:00:00+00:00,87969.25,0.018890196058071254,0,0
2026-01-25 17:00:00+00:00,87718.25,0.03408634818072987,0,0
2026-01-25 18:00:00+00:00,87338.1875,0.029355637065514174,0,0
2026-01-25 19:00:00+00:00,86388.40625,0.021189029009586937,0,0
2026-01-25 20:00:00+00:00,86552.375,0.03271139196659843,0,0
2026-01-25 21:00:00+00:00,86517.0625,0.02988040629911498,0,0
2026-01-25 22:00:00+00:00,86441.5546875,0.045727951599272385,0,0
2026-01-25 23:00:00+00:00,86557.3828125,0.06040020841566761,0,0
2026-01-26 00:00:00+00:00,86734.3203125,0.04046344794815242,0,0
2026-01-26 01:00:00+00:00,87514.0234375,0.7962860210963311,1,0
2026-01-26 02:00:00+00:00,87437.140625,0.9755284883044669,1,0
2026-01-26 03:00:00+00:00,87120.2421875,0.934562824586532,1,0
2026-01-26 04:00:00+00:00,87605.3515625,0.9800323194747569,1,0
2026-01-26 05:00:00+00:00,87760.015625,0.9947543951747783,1,0
2026-01-26 06:00:00+00:00,87838.7421875,0.9958793075414152,1,0
2026-01-26 07:00:00+00:00,87904.1171875,0.9916199924279137,1,0
2026-01-26 08:00:00+00:00,87884.3984375,0.9919539195324095,1,0
2026-01-26 09:00:00+00:00,87551.1015625,0.9881576679486599,1,0
2026-01-26 10:00:00+00:00,87806.640625,0.9923789955367531,1,0
2026-01-26 11:00:00+00:00,87761.484375,0.8916718161857397,1,0
2026-01-26 13:00:00+00:00,87878.0546875,0.9306920410387344,1,0
2026-01-26 14:00:00+00:00,88120.7109375,0.9807408108119929,1,0
2026-01-26 15:00:00+00:00,87579.9296875,0.9838361987604605,1,0
2026-01-26 16:00:00+00:00,87546.7421875,0.8118896085312135,1,0
2026-01-26 18:00:00+00:00,88264.78125,0.9622833030160957,1,0
2026-01-27 11:00:00+00:00,87900.7734375,0.022612437368101774,0,0
2026-01-27 12:00:00+00:00,87845.5859375,0.01857040652086079,0,0
2026-01-27 13:00:00+00:00,87846.5546875,0.040530762901112904,0,0
2026-01-27 17:00:00+00:00,87426.1796875,0.045170189806303794,0,0
2026-01-27 18:00:00+00:00,88237.9765625,0.0949058765611844,0,0
2026-01-27 19:00:00+00:00,88292.1875,0.13458859416946262,1,0
2026-01-27 20:00:00+00:00,89237.53125,0.45693555308672196,1,0
2026-01-27 21:00:00+00:00,88909.71875,0.670186354591117,1,0
2026-01-27 22:00:00+00:00,89170.09375,0.19783197192581375,1,0
2026-01-27 23:00:00+00:00,89104.046875,0.6982300822499035,1,0
2026-01-28 00:00:00+00:00,89275.3671875,0.10934943391480784,0,0
2026-01-28 02:00:00+00:00,89121.609375,0.01962375720741666,0,0
2026-01-28 07:00:00+00:00,89012.0546875,0.015407628983104405,0,0
2026-01-28 09:00:00+00:00,89298.484375,0.014293912975847985,0,0
2026-01-28 11:00:00+00:00,89947.3515625,0.11292451288590154,0,0
2026-01-28 12:00:00+00:00,89868.25,0.268219273018237,1,0
2026-01-28 13:00:00+00:00,90081.8984375,0.2608315000481353,1,0
2026-01-28 14:00:00+00:00,89517.859375,0.38021727938957794,1,0
2026-01-28 15:00:00+00:00,89381.1953125,0.06104371590010831,0,0
2026-01-28 16:00:00+00:00,89530.984375,0.024351941732791416,0,0
2026-01-28 19:00:00+00:00,89425.9921875,0.1261567412992728,0,0
2026-01-28 20:00:00+00:00,89083.0546875,0.025356342197524653,0,0
2026-01-29 00:00:00+00:00,88978.078125,0.8052187377866137,1,0
2026-01-29 01:00:00+00:00,88487.015625,0.7529770808327044,1,0
2026-01-29 03:00:00+00:00,87938.640625,0.9634294447189119,1,0
2026-01-29 04:00:00+00:00,88192.9921875,0.9947881447920195,1,0
2026-01-29 05:00:00+00:00,88020.765625,0.9959415806923928,1,0
2026-01-29 06:00:00+00:00,88182.0390625,0.9973877990570205,1,0
2026-01-29 07:00:00+00:00,88280.1484375,0.9975803493242412,1,0
2026-01-29 08:00:00+00:00,87928.0625,0.9680307096760452,1,0
2026-01-29 09:00:00+00:00,87768.6796875,0.9377359010042244,1,1
2026-01-29 16:00:00+00:00,85137.859375,0.38484846102399894,1,0
2026-01-29 17:00:00+00:00,84025.984375,0.10494843464864259,0,0
2026-01-29 18:00:00+00:00,83441.046875,0.048990357786552426,0,0
2026-01-29 19:00:00+00:00,83862.9375,0.10926816406099847,0,0
2026-01-29 20:00:00+00:00,83916.7578125,0.5491453996170345,1,1
2026-01-29 21:00:00+00:00,84363.0078125,0.9889512058792013,1,1
2026-01-29 22:00:00+00:00,84433.796875,0.9925114650305136,1,1
2026-01-29 23:00:00+00:00,84562.7265625,0.9950271041470188,1,1
2026-01-30 00:00:00+00:00,84109.7421875,0.8965528451320395,1,1
2026-01-30 02:00:00+00:00,81904.53125,0.9630259604826134,1,0
2026-01-30 03:00:00+00:00,82581.6640625,0.5029126216049328,1,0
2026-01-30 04:00:00+00:00,82798.3125,0.953066414901616,1,0
2026-01-30 05:00:00+00:00,82835.453125,0.9474035326586696,1,0
2026-01-30 06:00:00+00:00,82440.125,0.9830583239535243,1,0
2026-01-30 07:00:00+00:00,82710.9453125,0.9444292358109916,1,0
2026-01-30 08:00:00+00:00,82493.3515625,0.9775233081885923,1,0
2026-01-30 09:00:00+00:00,82209.171875,0.5125455493928522,1,0
2026-01-30 11:00:00+00:00,83055.71875,0.9248554246898567,1,0
2026-01-30 13:00:00+00:00,82570.15625,0.9228654287764061,1,0
2026-01-30 14:00:00+00:00,82851.0234375,0.9832940010158286,1,0
2026-01-30 15:00:00+00:00,82771.1953125,0.3888069792391958,1,0
2026-01-30 20:00:00+00:00,83716.234375,0.9959780341145072,1,0
2026-01-30 21:00:00+00:00,84250.5546875,0.9534291929528164,1,0
2026-01-30 23:00:00+00:00,84126.5,0.8853115587276491,1,0
2026-01-31 09:00:00+00:00,83005.203125,0.8704550650879153,1,1
2026-01-31 15:00:00+00:00,81127.515625,0.9410946729596513,1,1
2026-01-31 17:00:00+00:00,78709.8984375,0.49035052343294744,1,0
2026-01-31 18:00:00+00:00,77837.171875,0.6799531274551052,1,0
2026-01-31 19:00:00+00:00,77820.7421875,0.7063983307479225,1,0
2026-01-31 22:00:00+00:00,78136.9921875,0.884718859090676,1,0
2026-01-31 23:00:00+00:00,78626.125,0.8371142541434078,1,0
2026-02-01 00:00:00+00:00,78827.4453125,0.11635905473858232,0,0
2026-02-01 01:00:00+00:00,78418.0234375,0.2966821800939834,1,0
2026-02-01 02:00:00+00:00,78844.2734375,0.2525216457615882,1,0
2026-02-01 03:00:00+00:00,78803.34375,0.20149948090840383,1,0
2026-02-01 04:00:00+00:00,78940.9296875,0.21522413442659472,1,0
2026-02-01 05:00:00+00:00,78510.140625,0.08558908296821881,0,0
2026-02-01 06:00:00+00:00,78250.0390625,0.3521671990547463,1,0
2026-02-01 07:00:00+00:00,78274.625,0.3805366841258374,1,0
2026-02-01 08:00:00+00:00,78507.0859375,0.14295563986442109,1,0
2026-02-01 11:00:00+00:00,78672.671875,0.7645479154134706,1,0
2026-02-01 12:00:00+00:00,78421.515625,0.8837405649086251,1,0
2026-02-01 13:00:00+00:00,78242.3203125,0.6866798713963209,1,0
2026-02-01 16:00:00+00:00,77376.4765625,0.4026631129090801,1,0
2026-02-01 22:00:00+00:00,77248.171875,0.8805231715256056,1,0
2026-02-01 23:00:00+00:00,76968.875,0.8129574501903035,1,0
2026-02-02 00:00:00+00:00,77585.1015625,0.9974135973133789,1,1
2026-02-02 01:00:00+00:00,77462.3125,0.9968366204400582,1,1
2026-02-02 02:00:00+00:00,76423.1640625,0.9978453179229342,1,0
2026-02-02 03:00:00+00:00,76201.125,0.9953316658469498,1,0
2026-02-02 04:00:00+00:00,75800.8828125,0.9957160161293208,1,0
2026-02-02 05:00:00+00:00,75453.3984375,0.9943985547370277,1,0
2026-02-02 06:00:00+00:00,76386.546875,0.9966148565125904,1,0
2026-02-02 07:00:00+00:00,76630.1015625,0.9975809351512034,1,0
2026-02-02 08:00:00+00:00,76923.2421875,0.9949330774249958,1,0
2026-02-02 09:00:00+00:00,77648.125,0.9968345379359346,1,0
2026-02-02 10:00:00+00:00,77443.8125,0.9792661122006254,1,0
2026-02-02 11:00:00+00:00,77647.1171875,0.9956734582303154,1,0
2026-02-02 12:00:00+00:00,77944.7578125,0.9897599647759742,1,0
2026-02-02 13:00:00+00:00,78216.015625,0.9968185604963951,1,0
2026-02-02 14:00:00+00:00,77795.7734375,0.9967613988652801,1,0
2026-02-02 15:00:00+00:00,78802.921875,0.996907754734558,1,0
2026-02-02 16:00:00+00:00,78586.3203125,0.9970439384643541,1,0
2026-02-02 17:00:00+00:00,78959.21875,0.9965822707892688,1,0
2026-02-02 18:00:00+00:00,78551.328125,0.9888684018899662,1,0
2026-02-02 19:00:00+00:00,78443.40625,0.9963482054987222,1,0
2026-02-02 20:00:00+00:00,77920.7890625,0.4274641462359357,1,0
2026-02-03 00:00:00+00:00,79009.5859375,0.49811711480428617,1,0
2026-02-03 17:00:00+00:00,74846.2890625,0.8357435327870673,1,1
2026-02-03 18:00:00+00:00,73178.6484375,0.28013400869490973,1,0
2026-02-03 19:00:00+00:00,74939.3515625,0.6485880337678507,1,0
2026-02-03 20:00:00+00:00,76281.6796875,0.5394099854942546,1,0
2026-02-03 21:00:00+00:00,76159.6171875,0.9045452331988263,1,0
2026-02-03 22:00:00+00:00,75543.5,0.7910397255539261,1,0
2026-02-03 23:00:00+00:00,75640.09375,0.46170776941648395,1,0
2026-02-04 02:00:00+00:00,75910.71875,0.7747971524519577,1,0
2026-02-04 03:00:00+00:00,76621.1328125,0.1947870754276147,1,0
2026-02-04 06:00:00+00:00,76553.671875,0.34813796357338794,1,0
2026-02-04 12:00:00+00:00,76048.375,0.8973038939500453,1,1
2026-02-04 14:00:00+00:00,74255.1640625,0.6392949195770111,1,1
2026-02-04 15:00:00+00:00,74074.9140625,0.2848816221565,1,1
2026-02-04 16:00:00+00:00,73541.828125,0.6385987515150001,1,0
2026-02-04 23:00:00+00:00,73042.9765625,0.48141924625311283,1,1
2026-02-05 00:00:00+00:00,72715.375,0.895586629553381,1,1
2026-02-05 02:00:00+00:00,71502.9609375,0.1301362359021893,1,0
2026-02-05 03:00:00+00:00,71080.6328125,0.20089056233947236,1,0
2026-02-05 04:00:00+00:00,70715.390625,0.3721409887345895,1,0
2026-02-05 05:00:00+00:00,70544.9609375,0.11141667258024754,0,0
2026-02-05 06:00:00+00:00,70787.046875,0.34432408690352295,1,0
2026-02-05 07:00:00+00:00,70511.1640625,0.3248472146534533,1,0
2026-02-05 08:00:00+00:00,71038.921875,0.8956586901218997,1,1
2026-02-05 09:00:00+00:00,71408.4921875,0.8628923397784067,1,1
2026-02-05 10:00:00+00:00,70689.8359375,0.8638486755257228,1,1
2026-02-05 11:00:00+00:00,70168.015625,0.588671521826472,1,1
2026-02-05 12:00:00+00:00,69455.5234375,0.5495605032852977,1,1
2026-02-05 13:00:00+00:00,69458.4296875,0.5277233492006151,1,1
2026-02-05 14:00:00+00:00,69347.7890625,0.47404632162943994,1,1
2026-02-05 15:00:00+00:00,67298.3125,0.4838695800238057,1,1
2026-02-05 16:00:00+00:00,68121.9765625,0.1666482296523502,1,1
2026-02-05 17:00:00+00:00,66066.1328125,0.15018840584351223,1,1
2026-02-05 18:00:00+00:00,66248.5234375,0.33097914693666436,1,1
2026-02-05 19:00:00+00:00,65136.609375,0.3877564218864935,1,1
2026-02-05 20:00:00+00:00,63543.17578125,0.3924822946605226,1,0
2026-02-05 21:00:00+00:00,63136.7578125,0.2625213177466014,1,0
2026-02-05 22:00:00+00:00,63948.0078125,0.1323780035455725,1,0
2026-02-05 23:00:00+00:00,62704.453125,0.1674170120619244,1,0
2026-02-06 00:00:00+00:00,63515.5859375,0.25657933133213645,1,0
2026-02-06 01:00:00+00:00,65503.72265625,0.2058647506927304,1,1
2026-02-06 02:00:00+00:00,64803.53515625,0.31720729747961235,1,0
2026-02-06 03:00:00+00:00,64074.9453125,0.1396590418696415,1,0
2026-02-06 07:00:00+00:00,64802.48046875,0.1019308542672671,0,0
2026-02-06 08:00:00+00:00,64782.484375,0.03470931480342696,0,0
2026-02-06 10:00:00+00:00,65868.8515625,0.2605563362327152,1,0
2026-02-06 11:00:00+00:00,66508.9140625,0.037854787910380654,0,0
2026-02-06 14:00:00+00:00,68182.078125,0.7502563107719581,1,0
2026-02-06 15:00:00+00:00,68622.9140625,0.5542858978641918,1,0
2026-02-06 18:00:00+00:00,69745.578125,0.0753174322066309,0,0
2026-02-07 04:00:00+00:00,70678.53125,0.06937128037346325,0,1
2026-02-07 08:00:00+00:00,68526.3046875,0.7974541664992316,1,0
2026-02-07 09:00:00+00:00,68037.2734375,0.837168016204098,1,0
2026-02-07 11:00:00+00:00,67935.734375,0.610792527111021,1,0
2026-02-07 13:00:00+00:00,68944.21875,0.6523370548681278,1,0
2026-02-08 00:00:00+00:00,68980.015625,0.04220444019762171,0,0
2026-02-08 12:00:00+00:00,71108.65625,0.031092747159138793,0,0
2026-02-08 21:00:00+00:00,70673.9140625,0.10776013218560725,0,0
2026-02-08 22:00:00+00:00,71035.0,0.0652846066424661,0,0
2026-02-09 00:00:00+00:00,70464.6171875,0.05576720559048402,0,0
2026-02-09 01:00:00+00:00,70335.8125,0.06061933467908724,0,0
2026-02-09 02:00:00+00:00,70588.921875,0.23153518297136316,1,0
2026-02-09 03:00:00+00:00,71210.2890625,0.18718060264366382,1,1
2026-02-09 04:00:00+00:00,70986.0703125,0.1302676311197175,1,1
2026-02-09 05:00:00+00:00,70911.234375,0.21307814671614106,1,1
2026-02-09 07:00:00+00:00,70396.03125,0.13896839605737063,1,1
2026-02-09 08:00:00+00:00,69840.75,0.2962745645340363,1,0
2026-02-09 09:00:00+00:00,69529.40625,0.07409383998406867,0,0
2026-02-09 10:00:00+00:00,68665.3828125,0.026703694701004366,0,0
2026-02-09 11:00:00+00:00,68798.65625,0.11840717421442623,0,0
2026-02-09 12:00:00+00:00,69033.953125,0.11336116801165079,0,0
2026-02-09 13:00:00+00:00,68622.7421875,0.10805491668280995,0,0
2026-02-09 14:00:00+00:00,69246.4921875,0.059927341542879424,0,0
2026-02-09 15:00:00+00:00,69482.2890625,0.1799842310019451,1,0
2026-02-09 16:00:00+00:00,70069.5546875,0.1257002486060404,0,0
2026-02-09 17:00:00+00:00,70586.125,0.24109927799632985,1,0
2026-02-09 18:00:00+00:00,70320.4375,0.2087803282782362,1,0
2026-02-09 19:00:00+00:00,70882.671875,0.8049721682687894,1,0
2026-02-09 20:00:00+00:00,70759.203125,0.16270327688627206,1,0
2026-02-09 21:00:00+00:00,70373.8125,0.07603383725482443,0,0
2026-02-09 22:00:00+00:00,70333.578125,0.26371904332218715,1,0
2026-02-09 23:00:00+00:00,70137.390625,0.037014197917418196,0,0
2026-02-10 06:00:00+00:00,68879.46875,0.027928131593710267,0,0
2026-02-10 07:00:00+00:00,68896.2421875,0.06144806699168034,0,0
2026-02-10 13:00:00+00:00,68959.328125,0.06798462787795208,0,0
2026-02-10 16:00:00+00:00,69521.46875,0.04332511995612282,0,0
2026-02-11 02:00:00+00:00,68665.5234375,0.24522263157586227,1,1
2026-02-11 03:00:00+00:00,68174.8671875,0.13256388312897038,1,1
2026-02-11 05:00:00+00:00,67381.9921875,0.06472518565830458,0,0
2026-02-11 06:00:00+00:00,66750.9140625,0.09751479583939189,0,0
2026-02-11 07:00:00+00:00,67004.359375,0.07694595193698599,0,0
2026-02-11 08:00:00+00:00,66945.640625,0.11065661001709312,0,0
2026-02-11 09:00:00+00:00,66790.8984375,0.09066475412585684,0,0
2026-02-11 11:00:00+00:00,67025.0234375,0.09103112878325953,0,0
2026-02-11 12:00:00+00:00,67089.0625,0.5143913048432529,1,0
2026-02-11 13:00:00+00:00,67500.890625,0.07679639794254305,0,1
2026-02-11 14:00:00+00:00,66507.4609375,0.05413302561295889,0,0
2026-02-11 15:00:00+00:00,66516.078125,0.04546622419294514,0,0
2026-02-11 16:00:00+00:00,66028.40625,0.047936502617864904,0,0
2026-02-11 17:00:00+00:00,66552.1328125,0.046350625824561134,0,0
2026-02-11 20:00:00+00:00,67583.7890625,0.8602653585878132,1,0
2026-02-11 21:00:00+00:00,67794.1328125,0.6960620937002495,1,0
2026-02-11 22:00:00+00:00,67423.765625,0.6196614671485293,1,0
2026-02-12 00:00:00+00:00,67478.34375,0.44331984250009987,1,0
2026-02-12 01:00:00+00:00,67642.1875,0.6005349065021708,1,0
2026-02-12 02:00:00+00:00,67400.515625,0.7094519140156735,1,0
2026-02-12 10:00:00+00:00,67904.09375,0.33723488648177224,1,1
2026-02-12 12:00:00+00:00,67800.859375,0.7962206767050839,1,1
2026-02-12 17:00:00+00:00,65447.46875,0.03653819780057962,0,0
2026-02-12 18:00:00+00:00,65581.5859375,0.031622867474694685,0,0
2026-02-12 19:00:00+00:00,65781.4140625,0.2001378816488412,1,0
2026-02-12 20:00:00+00:00,65356.19921875,0.02610156715516184,0,0
2026-02-12 21:00:00+00:00,65735.375,0.06570876940435752,0,0
2026-02-13 00:00:00+00:00,65950.078125,0.08070035079320806,0,0
2026-02-13 01:00:00+00:00,66330.4765625,0.09269631289400415,0,0
2026-02-13 02:00:00+00:00,66666.5,0.27612046585473976,1,0
2026-02-13 04:00:00+00:00,66304.015625,0.032406864020341326,0,0
2026-02-13 06:00:00+00:00,66310.0078125,0.18352787181376762,1,0
2026-02-13 08:00:00+00:00,66601.9296875,0.6443243087474845,1,0
2026-02-13 09:00:00+00:00,66887.1328125,0.8214147974979995,1,0
2026-02-13 14:00:00+00:00,67689.4140625,0.33803528221225204,1,0
2026-02-13 15:00:00+00:00,68573.484375,0.12665641221836438,0,0
2026-02-13 16:00:00+00:00,68914.1171875,0.11089577088255563,0,0
2026-02-14 00:00:00+00:00,69057.90625,0.09258310626908858,0,0
2026-02-14 09:00:00+00:00,69688.65625,0.17794163359784945,1,0
2026-02-14 12:00:00+00:00,69784.71875,0.013990486565082944,0,0
2026-02-14 13:00:00+00:00,69413.359375,0.019059237718810476,0,0
2026-02-14 14:00:00+00:00,69761.71875,0.02326696083869691,0,0
2026-02-14 22:00:00+00:00,69942.1015625,0.050189099741964366,0,0
2026-02-14 23:00:00+00:00,69764.953125,0.06714712990507965,0,0
2026-02-15 00:00:00+00:00,69724.3984375,0.3544319386951391,1,0
2026-02-15 02:00:00+00:00,69510.0078125,0.3045388467422434,1,0
2026-02-15 03:00:00+00:00,69957.2265625,0.9790560498201156,1,0
2026-02-15 04:00:00+00:00,70130.5234375,0.9697953254245921,1,0
2026-02-15 05:00:00+00:00,70265.6328125,0.9891313175142888,1,0
2026-02-15 06:00:00+00:00,70372.9296875,0.9864415806689059,1,0
2026-02-15 07:00:00+00:00,70750.796875,0.9547635851024884,1,1
2026-02-15 08:00:00+00:00,70404.765625,0.9904124743509719,1,1
2026-02-15 09:00:00+00:00,70391.078125,0.8583293791488886,1,1
2026-02-15 11:00:00+00:00,70266.6796875,0.6395729305436578,1,1
2026-02-15 19:00:00+00:00,68289.0546875,0.093326435708226,0,0
2026-02-15 20:00:00+00:00,68430.1015625,0.02560457005342442,0,0
2026-02-15 22:00:00+00:00,68935.359375,0.2030916275573922,1,0
2026-02-16 00:00:00+00:00,68843.0625,0.09912808242399992,0,0
2026-02-16 01:00:00+00:00,68605.6484375,0.03393470489584579,0,0
2026-02-16 03:00:00+00:00,68382.5234375,0.01999566276469795,0,0
2026-02-16 06:00:00+00:00,68420.9296875,0.01586086614238089,0,0
2026-02-16 10:00:00+00:00,68774.8515625,0.03683426314923372,0,0
2026-02-16 12:00:00+00:00,69743.796875,0.039015495230701226,0,1
2026-02-16 13:00:00+00:00,68380.53125,0.007252802141910552,0,0
2026-02-16 14:00:00+00:00,68421.921875,0.010306757157235953,0,0
2026-02-16 15:00:00+00:00,67508.296875,0.0077853764238227634,0,0
2026-02-16 16:00:00+00:00,67837.59375,0.011474533004962085,0,0
2026-02-16 17:00:00+00:00,67921.6953125,0.01605995513548278,0,0
2026-02-16 22:00:00+00:00,68604.1953125,0.021441257395360208,0,0
2026-02-16 23:00:00+00:00,68843.09375,0.0998008641737981,0,0
2026-02-17 02:00:00+00:00,68926.2578125,0.062047437273378664,0,0
2026-02-17 06:00:00+00:00,68386.9375,0.21391608671299286,1,0
2026-02-17 10:00:00+00:00,67775.8359375,0.06591149460592943,0,0
2026-02-17 11:00:00+00:00,67828.8984375,0.21291378864827848,1,0
2026-02-17 15:00:00+00:00,67354.390625,0.007789219992846682,0,0
2026-02-17 16:00:00+00:00,67492.4296875,0.008237901770008715,0,0
2026-02-17 17:00:00+00:00,67231.84375,0.009568946222265088,0,0
2026-02-17 18:00:00+00:00,68084.8203125,0.022271208903098527,0,0
2026-02-17 19:00:00+00:00,67791.65625,0.023118134966953908,0,0
2026-02-17 20:00:00+00:00,67735.7890625,0.031057800427806995,0,0
2026-02-17 21:00:00+00:00,67639.2109375,0.025662527389767115,0,0
2026-02-18 02:00:00+00:00,67306.3515625,0.016175086768641468,0,0
2026-02-18 08:00:00+00:00,68086.5859375,0.11002939313877809,0,0
2026-02-18 09:00:00+00:00,68149.046875,0.08292331101336425,0,0
2026-02-18 12:00:00+00:00,67478.890625,0.10895566178613425,0,0
2026-02-18 19:00:00+00:00,66113.3984375,0.014947580405884125,0,0
2026-02-18 20:00:00+00:00,66256.09375,0.011734872302432309,0,0
2026-02-18 21:00:00+00:00,66325.8046875,0.012426807639051915,0,0
2026-02-18 22:00:00+00:00,66405.2421875,0.028017318436095166,0,0
2026-02-18 23:00:00+00:00,66425.625,0.018522254249250778,0,0
2026-02-19 00:00:00+00:00,66419.1328125,0.018443364506453095,0,0
2026-02-19 01:00:00+00:00,66825.5234375,0.053273356381296585,0,0
2026-02-19 03:00:00+00:00,66915.53125,0.185942207196686,1,0
2026-02-19 04:00:00+00:00,66789.984375,0.05746719384083213,0,0
2026-02-19 05:00:00+00:00,66835.296875,0.1652781252546315,1,0
2026-02-19 07:00:00+00:00,67162.84375,0.20706439776523414,1,0
2026-02-19 10:00:00+00:00,66810.2578125,0.15598046677517874,1,0
2026-02-19 13:00:00+00:00,65880.5625,0.01177370519058248,0,0
2026-02-19 14:00:00+00:00,66429.0859375,0.022733295129626446,0,0
2026-02-19 15:00:00+00:00,66353.5703125,0.021284391136003847,0,0
2026-02-19 18:00:00+00:00,66922.703125,0.1672811495280316,1,0
2026-02-19 23:00:00+00:00,66958.578125,0.25030162692065094,1,0
2026-02-20 00:00:00+00:00,67228.1953125,0.03307651721830496,0,0
2026-02-20 01:00:00+00:00,67254.0390625,0.3859722674731944,1,0
2026-02-20 04:00:00+00:00,67233.375,0.29793489792343986,1,0
2026-02-20 05:00:00+00:00,67743.9921875,0.4155718164645971,1,0
2026-02-20 06:00:00+00:00,67835.203125,0.15665340721018733,1,0
2026-02-20 07:00:00+00:00,67780.3203125,0.22022619633601595,1,0
2026-02-20 10:00:00+00:00,67912.8984375,0.43380712585607045,1,0
2026-02-20 12:00:00+00:00,67501.0625,0.28674172189212477,1,0
2026-02-20 13:00:00+00:00,66736.4609375,0.11705324783953157,0,0
2026-02-20 14:00:00+00:00,67070.5546875,0.4295331543772051,1,0
2026-02-20 15:00:00+00:00,67543.796875,0.11135665390902834,0,0
2026-02-20 16:00:00+00:00,67753.578125,0.3366648380618151,1,0
2026-02-20 17:00:00+00:00,67574.7734375,0.08657428950400509,0,0
2026-02-20 18:00:00+00:00,67940.15625,0.3915667772705868,1,0
2026-02-20 19:00:00+00:00,67637.828125,0.5737766526261219,1,0
2026-02-20 20:00:00+00:00,67704.0390625,0.41052688330741016,1,0
2026-02-20 21:00:00+00:00,67789.5703125,0.3136349812572585,1,0
2026-02-20 22:00:00+00:00,68043.890625,0.645753999605746,1,0
2026-02-20 23:00:00+00:00,68000.25,0.5568932499216591,1,0
2026-02-21 00:00:00+00:00,67817.828125,0.00662362992555235,0,0
2026-02-21 04:00:00+00:00,67812.5078125,0.007263440651753376,0,0
2026-02-22 00:00:00+00:00,67906.1796875,0.007032587649188755,0,0
2026-02-22 03:00:00+00:00,68004.8359375,0.009044925422449526,0,0
2026-02-22 06:00:00+00:00,68042.4453125,0.012490518417441874,0,0
2026-02-22 07:00:00+00:00,67994.5234375,0.007240753458334499,0,0
2026-02-22 08:00:00+00:00,67970.7890625,0.00729472863429485,0,0
2026-02-22 14:00:00+00:00,67432.828125,0.00804558459880759,0,0
2026-02-22 16:00:00+00:00,67611.46875,0.007662060829229073,0,0
2026-02-22 18:00:00+00:00,67409.9375,0.008011936747833003,0,0
2026-02-22 22:00:00+00:00,67674.3671875,0.006818109394635777,0,1
2026-02-23 00:00:00+00:00,66794.609375,0.4596999452674204,1,1
2026-02-23 01:00:00+00:00,64598.59375,0.428140025356359,1,0
2026-02-23 02:00:00+00:00,64727.58984375,0.19567304639018177,1,0
2026-02-23 03:00:00+00:00,64946.36328125,0.08562355816692932,0,0
2026-02-23 04:00:00+00:00,64811.03515625,0.09282219110431629,0,0
2026-02-23 05:00:00+00:00,65036.359375,0.21998390313285682,1,0
2026-02-23 06:00:00+00:00,65734.015625,0.3740607809213556,1,0
2026-02-23 07:00:00+00:00,65941.9375,0.23287589434501654,1,0
2026-02-23 08:00:00+00:00,65673.8359375,0.2088602563457948,1,0
2026-02-23 09:00:00+00:00,66387.96875,0.8022035289439973,1,0
2026-02-23 10:00:00+00:00,66308.2578125,0.9399760196376503,1,0
2026-02-23 11:00:00+00:00,66182.5,0.8377659730629317,1,1
2026-02-23 12:00:00+00:00,66259.6328125,0.9838582490444602,1,1
2026-02-23 13:00:00+00:00,66121.859375,0.923779264249931,1,1
2026-02-23 14:00:00+00:00,65867.7421875,0.9118676527091284,1,1
2026-02-23 15:00:00+00:00,65696.8359375,0.717361623604411,1,1
2026-02-23 16:00:00+00:00,65304.8828125,0.13385274559305738,1,0
2026-02-23 17:00:00+00:00,64738.64453125,0.8011117330987134,1,0
2026-02-23 18:00:00+00:00,64595.89453125,0.06217704578769723,0,0
2026-02-23 19:00:00+00:00,64333.2734375,0.044082179475992106,0,0
2026-02-23 20:00:00+00:00,64430.45703125,0.5315207946930064,1,0
2026-02-23 21:00:00+00:00,64594.91796875,0.6578998661058136,1,0
2026-02-23 22:00:00+00:00,64745.125,0.8241404747708109,1,1
2026-02-23 23:00:00+00:00,64616.015625,0.5735919009008829,1,1
2026-02-24 00:00:00+00:00,64912.8125,0.06646897736610619,0,1
2026-02-24 05:00:00+00:00,63070.01171875,0.05757365355846229,0,0
2026-02-24 06:00:00+00:00,63054.20703125,0.020728863825125,0,0
2026-02-24 09:00:00+00:00,63228.16796875,0.07964445698618884,0,0
2026-02-24 12:00:00+00:00,62957.0234375,0.023785794755718122,0,0
2026-02-24 14:00:00+00:00,63470.140625,0.04082670279585956,0,0
2026-02-24 16:00:00+00:00,64227.59375,0.1354277191032575,1,0
2026-02-24 18:00:00+00:00,64427.65234375,0.20560125049735517,1,0
2026-02-25 02:00:00+00:00,65898.5078125,0.022267887544797624,0,0
2026-02-25 03:00:00+00:00,65408.60546875,0.02186984023583074,0,0
2026-02-25 09:00:00+00:00,65559.4921875,0.013356529324666508,0,0
2026-02-25 13:00:00+00:00,66241.3125,0.02255535104417404,0,0
2026-02-25 15:00:00+00:00,67273.5234375,0.021253412195485547,0,0
2026-02-25 16:00:00+00:00,68298.890625,0.015362932845951437,0,0
2026-02-25 17:00:00+00:00,68626.4140625,0.021219077985904312,0,0
2026-02-25 18:00:00+00:00,69373.6328125,0.010275875550496454,0,1
2026-02-25 19:00:00+00:00,69070.765625,0.009640235553676931,0,0
2026-02-25 20:00:00+00:00,69219.953125,0.009313527867224001,0,0
2026-02-25 21:00:00+00:00,68883.7109375,0.010425915976456814,0,0
2026-02-25 22:00:00+00:00,68304.9453125,0.009500928434507895,0,0
2026-02-25 23:00:00+00:00,67954.8671875,0.012643806666023629,0,0
2026-02-26 00:00:00+00:00,68336.0703125,0.009571967621547483,0,0
2026-02-26 01:00:00+00:00,68287.078125,0.013758232942792338,0,0
2026-02-26 05:00:00+00:00,68429.953125,0.010326275207550008,0,0
2026-02-26 07:00:00+00:00,67876.796875,0.01676752936362386,0,0
2026-02-26 09:00:00+00:00,68553.5625,0.01899983395491525,0,0
2026-02-26 10:00:00+00:00,68298.1171875,0.019658047394186754,0,1
2026-02-26 11:00:00+00:00,68018.875,0.02962071324650679,0,1
2026-02-26 12:00:00+00:00,68175.6015625,0.037823248611056,0,1
2026-02-26 16:00:00+00:00,66596.4921875,0.008641163094995696,0,0
2026-02-27 02:00:00+00:00,67362.4765625,0.789506745187849,1,0
2026-02-27 04:00:00+00:00,67750.015625,0.2203166086050402,1,0
2026-02-27 05:00:00+00:00,67699.2890625,0.7295006834409031,1,1
2026-02-27 10:00:00+00:00,66645.5546875,0.04287116151471972,0,0
2026-02-27 12:00:00+00:00,65805.46875,0.010293329945095247,0,0
2026-02-27 13:00:00+00:00,66173.640625,0.008359582498029665,0,0
2026-02-27 14:00:00+00:00,65862.6015625,0.019224913647513123,0,0
2026-02-27 23:00:00+00:00,65878.9296875,0.04896784464212211,0,0
2026-02-28 07:00:00+00:00,63853.66796875,0.006316705344053169,0,0
2026-02-28 08:00:00+00:00,63426.86328125,0.006865385019328791,0,0
2026-02-28 10:00:00+00:00,64001.16015625,0.008139682030552079,0,0
2026-02-28 15:00:00+00:00,64862.44140625,0.010831529505573955,0,0
2026-02-28 20:00:00+00:00,66903.65625,0.03060964142037922,0,0
2026-02-28 21:00:00+00:00,66758.203125,0.015579340589129367,0,0
2026-02-28 22:00:00+00:00,67276.6796875,0.017658492127952653,0,0
2026-02-28 23:00:00+00:00,67005.8828125,0.013576494368989231,0,0
2026-03-01 00:00:00+00:00,66821.7734375,0.06316093266784135,0,0
2026-03-01 02:00:00+00:00,67667.5390625,0.19170693852869491,1,0
2026-03-01 03:00:00+00:00,67487.265625,0.15553931240591198,1,0
2026-03-01 05:00:00+00:00,67322.9296875,0.17420143991362738,1,0
2026-03-01 06:00:00+00:00,66941.3515625,0.03779929717235953,0,0
2026-03-01 10:00:00+00:00,66472.515625,0.4847203253345776,1,0
2026-03-01 17:00:00+00:00,66061.0078125,0.06588267460965655,0,0
2026-03-01 18:00:00+00:00,66302.34375,0.24248394571585127,1,0
2026-03-01 19:00:00+00:00,65957.3046875,0.062220910798193585,0,0
2026-03-01 21:00:00+00:00,65743.03125,0.025325085603981494,0,0
2026-03-01 23:00:00+00:00,65734.078125,0.03097725228263095,0,0
2026-03-02 00:00:00+00:00,66532.3828125,0.006710570686072426,0,0
2026-03-02 01:00:00+00:00,66532.8046875,0.007290084168651197,0,0
2026-03-02 06:00:00+00:00,66230.34375,0.006803928535741475,0,0
2026-03-02 08:00:00+00:00,66252.703125,0.006792880704511584,0,0
2026-03-02 10:00:00+00:00,66262.90625,0.006305699910638583,0,0
2026-03-02 11:00:00+00:00,66305.390625,0.006474915376637755,0,0
2026-03-02 12:00:00+00:00,65961.5625,0.006030249598077804,0,0
2026-03-02 13:00:00+00:00,65444.7578125,0.006414255737051692,0,0
2026-03-02 14:00:00+00:00,67064.1328125,0.008363458921975878,0,0
2026-03-02 15:00:00+00:00,69062.390625,0.0072678081608138195,0,0
2026-03-02 16:00:00+00:00,69511.75,0.007118225330200203,0,0
2026-03-02 17:00:00+00:00,69117.0234375,0.006718562646132161,0,0
2026-03-02 18:00:00+00:00,68984.875,0.007178033762423256,0,0
2026-03-02 19:00:00+00:00,68949.6328125,0.006844996018237374,0,0
2026-03-02 20:00:00+00:00,69291.546875,0.0060911055170454,0,0
2026-03-02 21:00:00+00:00,69425.90625,0.006910078669994305,0,0
2026-03-03 03:00:00+00:00,68360.0859375,0.008893062759599514,0,1
2026-03-03 06:00:00+00:00,68093.921875,0.009242801399855236,0,1
2026-03-03 08:00:00+00:00,66989.2109375,0.0075012207996656135,0,0
2026-03-03 09:00:00+00:00,66648.625,0.006783598105974486,0,0
2026-03-03 10:00:00+00:00,66712.203125,0.006648754828351543,0,0
2026-03-03 11:00:00+00:00,67054.8515625,0.007001951005217129,0,0
2026-03-03 12:00:00+00:00,67396.375,0.0067694460634010745,0,0
2026-03-03 13:00:00+00:00,66931.0,0.009327260557491134,0,0
2026-03-03 19:00:00+00:00,68455.4296875,0.02064198872845972,0,0
2026-03-03 20:00:00+00:00,68213.5546875,0.010299687984966062,0,0
2026-03-04 01:00:00+00:00,68423.7578125,0.006115212692744733,0,0
2026-03-04 02:00:00+00:00,68309.296875,0.006375488081727739,0,0
2026-03-04 04:00:00+00:00,67811.9609375,0.00592248487801846,0,0
2026-03-04 05:00:00+00:00,68270.9296875,0.006241674087879967,0,0
2026-03-04 07:00:00+00:00,69556.46875,0.006789421937388277,0,0
2026-03-04 08:00:00+00:00,71028.4296875,0.008424891563793243,0,0
2026-03-04 09:00:00+00:00,71472.7109375,0.006049426201392786,0,0
2026-03-04 10:00:00+00:00,71260.1640625,0.006552380780115224,0,0
2026-03-04 11:00:00+00:00,71131.1171875,0.0069427843681147215,0,0
2026-03-04 12:00:00+00:00,71339.9921875,0.006846297149582892,0,0
2026-03-04 13:00:00+00:00,71486.8828125,0.005740668482992375,0,0
2026-03-04 14:00:00+00:00,71628.4609375,0.0056147681515932414,0,0
2026-03-04 15:00:00+00:00,73245.125,0.008003815788007294,0,0
2026-03-04 16:00:00+00:00,73410.8125,0.007844197343780205,0,0
2026-03-04 17:00:00+00:00,73251.6796875,0.006720522632544446,0,0
2026-03-04 18:00:00+00:00,73596.3359375,0.007269495879105833,0,0
2026-03-04 19:00:00+00:00,73717.9375,0.007174942340500363,0,0
2026-03-04 20:00:00+00:00,73156.828125,0.007475377825403016,0,0
2026-03-04 21:00:00+00:00,73318.4609375,0.0064860065626483505,0,0
2026-03-04 22:00:00+00:00,72755.4453125,0.00677335342854886,0,0
2026-03-04 23:00:00+00:00,72670.125,0.0064075918526289855,0,0
2026-03-05 00:00:00+00:00,72822.90625,0.0058455585573383585,0,0
2026-03-05 02:00:00+00:00,72449.1015625,0.006147006988615971,0,0
2026-03-05 03:00:00+00:00,72513.1328125,0.006393453608537705,0,0
2026-03-05 06:00:00+00:00,72560.7109375,0.0063825837217267815,0,0
2026-03-05 07:00:00+00:00,71994.4453125,0.007365812515715366,0,0
2026-03-05 12:00:00+00:00,72960.703125,0.0061101304601241194,0,1
2026-03-06 00:00:00+00:00,70928.421875,0.008882031407923341,0,0
2026-03-06 03:00:00+00:00,71074.9140625,0.010194469424158617,0,0
2026-03-06 13:00:00+00:00,69358.984375,0.006057287105944165,0,0
2026-03-06 14:00:00+00:00,68341.328125,0.005881455991193425,0,0
2026-03-06 15:00:00+00:00,68543.03125,0.007015886112293732,0,0
2026-03-06 18:00:00+00:00,68190.609375,0.006898919457748935,0,0
2026-03-06 21:00:00+00:00,68278.59375,0.008385440750599276,0,0
2026-03-06 22:00:00+00:00,68423.8984375,0.00824174638588796,0,0
2026-03-07 20:00:00+00:00,67414.6171875,0.006958460544917829,0,0
2026-03-07 23:00:00+00:00,67272.5,0.00771822810504657,0,0
2026-03-08 00:00:00+00:00,67228.4921875,0.026749719630309223,0,0
2026-03-08 02:00:00+00:00,66956.8046875,0.03175717385272952,0,0
2026-03-08 03:00:00+00:00,67050.3515625,0.03927491829573458,0,0
2026-03-08 04:00:00+00:00,66647.515625,0.05451282861782062,0,0
2026-03-08 05:00:00+00:00,67171.09375,0.24078915961676828,1,0
2026-03-08 06:00:00+00:00,67190.828125,0.03697937528035539,0,0
2026-03-08 09:00:00+00:00,67733.984375,0.8336215186482011,1,0
2026-03-08 10:00:00+00:00,67893.5078125,0.7464836758956038,1,0
2026-03-08 11:00:00+00:00,67537.6328125,0.8830039653955798,1,0
2026-03-08 12:00:00+00:00,67305.921875,0.356982742578231,1,0
2026-03-08 13:00:00+00:00,67257.5390625,0.1499786041183344,1,0
2026-03-08 14:00:00+00:00,67291.859375,0.8129873572738049,1,0
2026-03-08 15:00:00+00:00,67197.578125,0.19006258865546263,1,0
2026-03-08 16:00:00+00:00,66846.515625,0.0422924599026473,0,0
2026-03-08 17:00:00+00:00,66978.1953125,0.1562126941054453,1,0
2026-03-08 18:00:00+00:00,66853.7421875,0.11635773942864848,0,0
2026-03-08 21:00:00+00:00,66978.71875,0.5751832613647736,1,0
2026-03-08 22:00:00+00:00,66221.859375,0.05431706077618741,0,0
2026-03-08 23:00:00+00:00,65969.5859375,0.028135799188634156,0,0
2026-03-09 00:00:00+00:00,66406.7734375,0.019316881711245577,0,0
2026-03-09 01:00:00+00:00,66239.640625,0.017454865004081128,0,0
2026-03-09 02:00:00+00:00,66575.859375,0.021613502663635233,0,0
2026-03-09 03:00:00+00:00,67198.7890625,0.11628390039934725,0,0
2026-03-09 04:00:00+00:00,67184.8125,0.05019044113600746,0,0
2026-03-09 06:00:00+00:00,67286.0859375,0.03043364807543564,0,0
2026-03-09 07:00:00+00:00,67527.171875,0.030587290612034676,0,0
2026-03-09 08:00:00+00:00,67810.0078125,0.05962773621395819,0,0
2026-03-09 09:00:00+00:00,67968.8359375,0.017159953044186264,0,0
2026-03-09 10:00:00+00:00,67602.859375,0.020013956575686657,0,0
2026-03-09 11:00:00+00:00,67781.9375,0.09071932603786746,0,0
2026-03-09 12:00:00+00:00,68197.796875,0.1496255953488651,1,0
2026-03-09 13:00:00+00:00,69038.953125,0.11476440558970155,0,0
2026-03-09 14:00:00+00:00,69149.828125,0.08539364004177041,0,0
2026-03-09 15:00:00+00:00,69007.4609375,0.04446691429010737,0,0
2026-03-09 16:00:00+00:00,68972.671875,0.04031274581421746,0,0
2026-03-09 17:00:00+00:00,68658.5546875,0.024450691975517292,0,0
2026-03-09 18:00:00+00:00,68344.578125,0.025854050526634722,0,0
2026-03-09 19:00:00+00:00,69053.765625,0.011675168753060572,0,0
2026-03-09 20:00:00+00:00,69026.1875,0.016311088257142295,0,0
2026-03-09 21:00:00+00:00,69009.71875,0.039752389914372584,0,0
2026-03-09 22:00:00+00:00,68654.75,0.015305045103092961,0,0
2026-03-10 03:00:00+00:00,69454.2890625,0.028032627963738264,0,0
2026-03-10 05:00:00+00:00,69966.9453125,0.031906921237288624,0,0
2026-03-10 08:00:00+00:00,70655.1875,0.022319069913317693,0,0
2026-03-10 09:00:00+00:00,71034.453125,0.024778960137904083,0,0
2026-03-10 10:00:00+00:00,70813.3515625,0.010243561267998103,0,0
2026-03-10 12:00:00+00:00,70508.40625,0.014524395978549256,0,0
2026-03-10 15:00:00+00:00,71360.6640625,0.022593109992923414,0,1
2026-03-10 16:00:00+00:00,71226.984375,0.038501449525563405,0,1
2026-03-10 17:00:00+00:00,70899.8515625,0.021506634301816673,0,0
2026-03-10 18:00:00+00:00,69969.8046875,0.013242130934119465,0,0
2026-03-10 19:00:00+00:00,70001.09375,0.009506741590723905,0,0
2026-03-10 22:00:00+00:00,69708.0234375,0.019250733184516287,0,0
2026-03-11 00:00:00+00:00,70093.7734375,0.009317990717677593,0,0
2026-03-11 02:00:00+00:00,69790.0859375,0.011280640173790789,0,0
2026-03-11 04:00:00+00:00,70142.796875,0.00975290317560284,0,0
2026-03-11 06:00:00+00:00,69965.296875,0.009207203019929085,0,0
2026-03-11 12:00:00+00:00,69372.46875,0.008792529207580753,0,0
2026-03-11 13:00:00+00:00,70186.515625,0.011690613366160072,0,0
2026-03-11 14:00:00+00:00,70690.9921875,0.011192313758751411,0,0
2026-03-11 15:00:00+00:00,70278.3515625,0.01121912865824233,0,0
2026-03-11 17:00:00+00:00,70801.609375,0.016797827406031814,0,0
2026-03-11 18:00:00+00:00,70664.5546875,0.009613909444616693,0,0
2026-03-12 07:00:00+00:00,69813.4296875,0.006211583269290738,0,0
2026-03-12 08:00:00+00:00,69851.5390625,0.006326068131104429,0,0
2026-03-12 09:00:00+00:00,69976.53125,0.006452536962196203,0,0
2026-03-12 10:00:00+00:00,70457.4765625,0.006788145517137936,0,0
2026-03-12 11:00:00+00:00,70452.9453125,0.007302988648201719,0,0
2026-03-12 12:00:00+00:00,70376.8203125,0.007286072658165551,0,0
2026-03-12 16:00:00+00:00,70422.5625,0.006552383874430149,0,0
2026-03-12 17:00:00+00:00,70276.96875,0.008610315066930356,0,0
2026-03-12 20:00:00+00:00,70189.828125,0.006322526025478776,0,0
2026-03-12 21:00:00+00:00,70371.6953125,0.0067359239553189424,0,0
2026-03-13 00:00:00+00:00,71391.15625,0.027592768661174834,0,0
2026-03-13 01:00:00+00:00,71636.0703125,0.021003780173384994,0,0
2026-03-13 02:00:00+00:00,71166.265625,0.026193560242329748,0,0
2026-03-13 03:00:00+00:00,71403.625,0.023735378933331004,0,0
2026-03-13 04:00:00+00:00,71335.875,0.03635129480948314,0,0
2026-03-13 05:00:00+00:00,71604.609375,0.016914447114494614,0,0
2026-03-13 07:00:00+00:00,71651.875,0.03764388279418599,0,0
2026-03-13 08:00:00+00:00,71784.875,0.03136642225264039,0,0
2026-03-13 09:00:00+00:00,72038.1171875,0.017117221029217033,0,0
2026-03-13 11:00:00+00:00,72254.34375,0.028338344534323746,0,0
2026-03-13 14:00:00+00:00,72419.109375,0.02561501491455198,0,0
2026-03-13 15:00:00+00:00,71798.3359375,0.016998260545849877,0,0
2026-03-13 16:00:00+00:00,71934.0859375,0.013062073543549307,0,0
2026-03-13 17:00:00+00:00,71003.5703125,0.012400344603878627,0,0
2026-03-13 18:00:00+00:00,71069.2734375,0.012237059723304593,0,0
2026-03-13 20:00:00+00:00,71357.3984375,0.019425447039593556,0,0
2026-03-13 21:00:00+00:00,71161.375,0.01511266608992647,0,0
2026-03-13 22:00:00+00:00,70794.5234375,0.013506527491079272,0,0
2026-03-13 23:00:00+00:00,70965.3828125,0.019691664492626125,0,0
2026-03-14 04:00:00+00:00,71032.5546875,0.006093897875230998,0,0
2026-03-15 00:00:00+00:00,71006.421875,0.005624283441898503,0,0
2026-03-15 03:00:00+00:00,71325.859375,0.00548963429276259,0,0
2026-03-15 06:00:00+00:00,71451.53125,0.005656192926224366,0,0
2026-03-15 10:00:00+00:00,71790.0,0.005646410583297567,0,0
2026-03-15 12:00:00+00:00,71609.4296875,0.0054755858741205535,0,0
2026-03-15 13:00:00+00:00,71545.3359375,0.0058960170521552705,0,0
2026-03-15 14:00:00+00:00,71611.015625,0.005490131293662209,0,0
2026-03-15 15:00:00+00:00,71488.0625,0.0056093453407605985,0,0
2026-03-15 18:00:00+00:00,71384.6484375,0.0056260553867212935,0,0
2026-03-15 19:00:00+00:00,71558.015625,0.005676127505292193,0,0
2026-03-15 20:00:00+00:00,71759.0625,0.0056893406699948254,0,0
2026-03-15 21:00:00+00:00,72064.5703125,0.005967008669654066,0,0
2026-03-15 22:00:00+00:00,72803.8671875,0.005874693162483998,0,0
2026-03-15 23:00:00+00:00,72798.171875,0.00538948116688506,0,0
2026-03-16 00:00:00+00:00,72550.0,0.005549568327775677,0,0
2026-03-16 01:00:00+00:00,72753.078125,0.0054116363025921415,0,0
2026-03-16 02:00:00+00:00,72568.953125,0.005668168140096758,0,0
2026-03-16 04:00:00+00:00,73880.3046875,0.005724392719936415,0,0
2026-03-16 05:00:00+00:00,74165.0859375,0.005423359126708401,0,0
2026-03-16 06:00:00+00:00,73748.71875,0.005649739742405734,0,0
2026-03-16 07:00:00+00:00,73494.09375,0.005568289662767664,0,0
2026-03-16 08:00:00+00:00,73123.546875,0.005820810470320011,0,0
2026-03-16 09:00:00+00:00,73263.0703125,0.005546687743848106,0,0
2026-03-16 10:00:00+00:00,73722.40625,0.005485517967501361,0,0
2026-03-16 11:00:00+00:00,73562.8046875,0.005426319053662265,0,0
2026-03-16 12:00:00+00:00,73844.8828125,0.00580761144405405,0,0
2026-03-16 13:00:00+00:00,74043.6484375,0.005785738855809121,0,0
2026-03-16 15:00:00+00:00,73245.90625,0.005513334657340455,0,0
2026-03-16 16:00:00+00:00,73773.3828125,0.005709442995375431,0,0
2026-03-16 17:00:00+00:00,73962.015625,0.005598242061852891,0,0
2026-03-16 18:00:00+00:00,73971.0625,0.005625113044464836,0,0
2026-03-16 19:00:00+00:00,73962.578125,0.005662487026071694,0,0
2026-03-16 20:00:00+00:00,74219.015625,0.006236728337163795,0,0
2026-03-16 21:00:00+00:00,74416.984375,0.006057642671557023,0,0
2026-03-16 22:00:00+00:00,74693.6953125,0.0059195950403336355,0,0
2026-03-17 00:00:00+00:00,75204.6015625,0.0077452979791057825,0,0
2026-03-17 01:00:00+00:00,75620.7421875,0.006457679064114148,0,1
2026-03-17 02:00:00+00:00,75211.6171875,0.0060721415331225345,0,0
2026-03-17 03:00:00+00:00,74423.7109375,0.0058564909818393145,0,0
2026-03-17 05:00:00+00:00,73991.4453125,0.005650434848901092,0,0
2026-03-17 10:00:00+00:00,73720.25,0.005834218307463019,0,0
2026-03-17 12:00:00+00:00,73729.296875,0.006365487215464278,0,0
2026-03-17 16:00:00+00:00,74139.8671875,0.006805189189684092,0,0
2026-03-17 17:00:00+00:00,74534.34375,0.006585651824651063,0,0
2026-03-17 18:00:00+00:00,74696.8046875,0.0059679198082343244,0,0
2026-03-17 21:00:00+00:00,74700.4921875,0.006053042039101614,0,0
2026-03-18 09:00:00+00:00,74154.8046875,0.11482846228470539,0,1
2026-03-18 12:00:00+00:00,72383.359375,0.0075897170675820755,0,0
2026-03-18 13:00:00+00:00,72050.671875,0.0065019047271999775,0,0
2026-03-18 14:00:00+00:00,71315.328125,0.006477057264390353,0,0
2026-03-18 15:00:00+00:00,71515.359375,0.0059190653628681655,0,0
2026-03-18 16:00:00+00:00,71329.96875,0.005991923142192952,0,0
2026-03-18 17:00:00+00:00,71616.7109375,0.005954928433095311,0,0
2026-03-18 18:00:00+00:00,70992.875,0.005824152651579735,0,0
2026-03-18 19:00:00+00:00,71111.2421875,0.005691785172559879,0,0
2026-03-18 20:00:00+00:00,71240.7265625,0.006052396790998319,0,0
2026-03-18 21:00:00+00:00,71293.0625,0.005797299169285814,0,0
2026-03-18 22:00:00+00:00,71139.421875,0.006920436670879371,0,0
2026-03-18 23:00:00+00:00,71250.3515625,0.006198061977788692,0,0
2026-03-19 00:00:00+00:00,71010.4921875,0.007085575663083376,0,0
2026-03-19 04:00:00+00:00,70841.8359375,0.0077510620363840715,0,0
2026-03-19 05:00:00+00:00,70835.7734375,0.007124647154416196,0,0
2026-03-19 08:00:00+00:00,69960.1171875,0.009423649053897053,0,0
2026-03-19 09:00:00+00:00,70494.7734375,0.006724484836574867,0,0
2026-03-19 10:00:00+00:00,70119.53125,0.007437772203187591,0,0
2026-03-19 11:00:00+00:00,69915.0,0.010285829605406105,0,0
2026-03-19 14:00:00+00:00,69560.4921875,0.008353302312570334,0,0
2026-03-19 17:00:00+00:00,69858.3515625,0.008971458753514999,0,0
2026-03-19 20:00:00+00:00,70490.953125,0.07286871244867964,0,0
2026-03-20 00:00:00+00:00,70232.03125,0.016379023086381533,0,0
2026-03-20 01:00:00+00:00,70411.375,0.009063624847223131,0,0
2026-03-20 02:00:00+00:00,70429.59375,0.020711131768582646,0,0
2026-03-20 04:00:00+00:00,70785.0546875,0.017899825590957232,0,0
2026-03-20 07:00:00+00:00,70857.6328125,0.018290413182287416,0,0
2026-03-20 09:00:00+00:00,70564.0,0.01875216458960118,0,0
2026-03-20 11:00:00+00:00,70472.921875,0.023955102782619583,0,0
2026-03-20 15:00:00+00:00,69812.21875,0.009966725643648245,0,0
2026-03-20 17:00:00+00:00,69953.96875,0.013532351730079077,0,0
2026-03-20 18:00:00+00:00,69700.6640625,0.015367514221266101,0,0
2026-03-20 19:00:00+00:00,70164.53125,0.05288401167700807,0,0
2026-03-20 21:00:00+00:00,70525.046875,0.022944397729047758,0,0
2026-03-20 22:00:00+00:00,70791.7109375,0.039832777601995974,0,0
2026-03-20 23:00:00+00:00,70522.46875,0.05568504256542474,0,0
2026-03-21 06:00:00+00:00,70764.578125,0.010720251088761476,0,0
2026-03-22 00:00:00+00:00,68908.2109375,0.00833058176943314,0,0
2026-03-22 01:00:00+00:00,68959.234375,0.007294689502694208,0,0
2026-03-22 02:00:00+00:00,69313.6015625,0.007034537937212172,0,0
2026-03-22 03:00:00+00:00,69332.0703125,0.0063714449457123725,0,0
2026-03-22 04:00:00+00:00,69322.4296875,0.006578715117222877,0,0
2026-03-22 05:00:00+00:00,69147.1796875,0.007363196368110009,0,0
2026-03-22 08:00:00+00:00,68805.8203125,0.006514183117666666,0,0
2026-03-22 09:00:00+00:00,68817.265625,0.006220058786575324,0,0
2026-03-22 10:00:00+00:00,68659.65625,0.008049548226835542,0,0
2026-03-22 11:00:00+00:00,68216.140625,0.006366048432835381,0,0
2026-03-22 12:00:00+00:00,68656.21875,0.006155377893888377,0,0
2026-03-22 13:00:00+00:00,68732.0625,0.006573170708328307,0,0
2026-03-22 14:00:00+00:00,68705.0546875,0.007316126210927875,0,0
2026-03-22 16:00:00+00:00,68829.7109375,0.008901697128067926,0,0
2026-03-22 19:00:00+00:00,68184.2890625,0.007285136778702435,0,0
2026-03-22 20:00:00+00:00,68189.2109375,0.006986411458916011,0,0
2026-03-22 22:00:00+00:00,68296.4609375,0.006631642491099103,0,0
2026-03-22 23:00:00+00:00,67843.0,0.006983794879636835,0,0
2026-03-23 01:00:00+00:00,67924.46875,0.010443775074180341,0,0
2026-03-23 03:00:00+00:00,68068.9921875,0.03273819818735823,0,0
2026-03-23 06:00:00+00:00,67806.609375,0.03535949996831237,0,0
2026-03-23 07:00:00+00:00,68311.0390625,0.0345490262873523,0,0
2026-03-23 08:00:00+00:00,68446.6875,0.04509106417083608,0,0
2026-03-23 09:00:00+00:00,68247.9609375,0.10351021725456844,0,0
2026-03-23 10:00:00+00:00,68549.3203125,0.027734528880959387,0,0
2026-03-23 11:00:00+00:00,70063.984375,0.07339852826671617,0,0
2026-03-23 12:00:00+00:00,70630.6796875,0.03940216192949616,0,0
2026-03-23 13:00:00+00:00,71410.3125,0.021861141812927875,0,0
2026-03-23 14:00:00+00:00,71365.3203125,0.03384349794101801,0,0
2026-03-23 15:00:00+00:00,70131.59375,0.024263409481006554,0,0
2026-03-23 16:00:00+00:00,70545.265625,0.014622202846444419,0,0
2026-03-23 17:00:00+00:00,71083.4921875,0.014079820827695162,0,0
2026-03-23 18:00:00+00:00,71056.4375,0.048678047593560064,0,0
2026-03-23 19:00:00+00:00,70651.0703125,0.009722441618674705,0,0
2026-03-23 21:00:00+00:00,70889.0078125,0.023217279426099868,0,0
2026-03-24 00:00:00+00:00,70694.296875,0.010574290596572609,0,0
2026-03-24 06:00:00+00:00,70518.46875,0.010209469092459037,0,0
2026-03-24 10:00:00+00:00,71262.15625,0.03682956677078074,0,1
2026-03-24 11:00:00+00:00,71123.2421875,0.020889739329374293,0,1
2026-03-24 15:00:00+00:00,69875.765625,0.010471475161364409,0,0
2026-03-24 18:00:00+00:00,69419.03125,0.006399489857934518,0,0
2026-03-24 19:00:00+00:00,69297.703125,0.008552286393097743,0,0
2026-03-24 21:00:00+00:00,70280.640625,0.009004774674455542,0,0
2026-03-24 22:00:00+00:00,70343.359375,0.011197287124280747,0,0
2026-03-24 23:00:00+00:00,70520.046875,0.03034682205296515,0,0
2026-03-25 00:00:00+00:00,70869.515625,0.026292773516014147,0,0
2026-03-25 01:00:00+00:00,70702.359375,0.014351437230614323,0,0
2026-03-25 04:00:00+00:00,70924.8125,0.011807616711426652,0,0
2026-03-25 05:00:00+00:00,71089.2734375,0.007429207999016617,0,0
2026-03-25 06:00:00+00:00,71014.7578125,0.006615691229781155,0,0
2026-03-25 07:00:00+00:00,70908.28125,0.008048825883165248,0,0
2026-03-25 09:00:00+00:00,71327.7734375,0.008313956404343745,0,0
2026-03-25 12:00:00+00:00,71682.5703125,0.00837084409478973,0,0
2026-03-25 13:00:00+00:00,71645.2109375,0.009138731394534864,0,0
2026-03-26 00:00:00+00:00,71243.4140625,0.8623496086172712,1,0
2026-03-26 03:00:00+00:00,70864.46875,0.6537448910398359,1,0
2026-03-26 06:00:00+00:00,70077.34375,0.0700003539725477,0,0
2026-03-26 07:00:00+00:00,70076.09375,0.047643253583137125,0,0
2026-03-26 08:00:00+00:00,69978.7265625,0.02083258152814786,0,0
2026-03-26 10:00:00+00:00,69460.2890625,0.06901863426587462,0,0
2026-03-26 11:00:00+00:00,69264.1328125,0.016148742906935652,0,0
2026-03-26 14:00:00+00:00,69506.859375,0.025957222812660222,0,0
2026-03-26 15:00:00+00:00,69042.921875,0.048039732570109885,0,0
2026-03-26 16:00:00+00:00,68897.984375,0.014588498351056212,0,0
2026-03-26 19:00:00+00:00,68584.140625,0.046051082603702866,0,0
2026-03-26 20:00:00+00:00,68958.2109375,0.029043513739884737,0,0
2026-03-26 21:00:00+00:00,68926.3828125,0.04721155264100793,0,0
2026-03-26 22:00:00+00:00,68831.703125,0.014440745131910704,0,0
2026-03-27 00:00:00+00:00,68707.9765625,0.2002762194175825,1,0
2026-03-27 03:00:00+00:00,68741.234375,0.27678873853003405,1,0
2026-03-27 04:00:00+00:00,68542.78125,0.17113526190913408,1,1
2026-03-27 05:00:00+00:00,68582.5859375,0.07623476997587364,0,1
2026-03-27 08:00:00+00:00,67910.8203125,0.1658413100177021,1,1
2026-03-27 09:00:00+00:00,67670.0234375,0.10834444483358112,0,1
2026-03-27 11:00:00+00:00,66668.6796875,0.027836145680323162,0,0
2026-03-27 12:00:00+00:00,66590.46875,0.026140793757395583,0,0
2026-03-27 13:00:00+00:00,66095.171875,0.012724577376545405,0,0
2026-03-27 14:00:00+00:00,66175.203125,0.014743024698008466,0,0
2026-03-27 15:00:00+00:00,66089.65625,0.013947812549236613,0,0
2026-03-27 16:00:00+00:00,65933.7421875,0.019118048331468625,0,0
2026-03-27 17:00:00+00:00,65604.5,0.012544433222010489,0,0
2026-03-27 18:00:00+00:00,65833.9140625,0.012407035027491402,0,0
2026-03-28 00:00:00+00:00,66376.828125,0.007487526266971951,0,0
2026-03-29 04:00:00+00:00,66687.3203125,0.04358788576215915,0,0
2026-03-29 11:00:00+00:00,66766.0078125,0.013726065375193601,0,0
2026-03-29 12:00:00+00:00,66785.875,0.02099665450792601,0,0
2026-03-29 13:00:00+00:00,66500.6015625,0.043464962697995435,0,0
2026-03-29 20:00:00+00:00,66540.9609375,0.02762546665805814,0,0
2026-03-29 21:00:00+00:00,66677.4140625,0.01825882230968874,0,0
2026-03-29 22:00:00+00:00,65802.9296875,0.01602370195586125,0,0
2026-03-29 23:00:00+00:00,65958.3515625,0.016399987486943123,0,0
2026-03-30 00:00:00+00:00,66259.03125,0.10648140867997585,0,0
2026-03-30 01:00:00+00:00,66585.34375,0.6333516824579377,1,0
2026-03-30 02:00:00+00:00,67039.9296875,0.805444960563601,1,0
2026-03-30 03:00:00+00:00,67106.546875,0.7607835854347101,1,0
2026-03-30 04:00:00+00:00,67541.890625,0.1806116929683739,1,0
2026-03-30 05:00:00+00:00,67476.421875,0.44885546419519684,1,0
2026-03-30 06:00:00+00:00,67274.3828125,0.568753566768469,1,0
2026-03-30 07:00:00+00:00,67502.453125,0.5393885283062628,1,0
2026-03-30 08:00:00+00:00,67619.65625,0.20214914906386203,1,0
2026-03-30 09:00:00+00:00,67453.9765625,0.5955039192724452,1,0
2026-03-30 10:00:00+00:00,67438.390625,0.30356057883017523,1,0
2026-03-30 11:00:00+00:00,67602.984375,0.32522099424708534,1,0
2026-03-30 12:00:00+00:00,67863.6015625,0.12097250179569144,0,0
2026-03-30 13:00:00+00:00,67478.3203125,0.11292394026557286,0,0
2026-03-30 14:00:00+00:00,67757.8203125,0.2344142855985107,1,0
2026-03-30 15:00:00+00:00,67578.46875,0.4045464039399438,1,0
2026-03-30 16:00:00+00:00,67274.59375,0.06092254922415101,0,0
2026-03-30 17:00:00+00:00,66727.1640625,0.013785508841911716,0,0
2026-03-30 18:00:00+00:00,66535.0078125,0.013316060668810793,0,0
2026-03-30 19:00:00+00:00,66424.765625,0.011650624533899727,0,0
2026-03-30 20:00:00+00:00,66608.578125,0.028588558618477825,0,0
2026-03-30 21:00:00+00:00,66763.3046875,0.1017203073838385,0,0
2026-03-30 22:00:00+00:00,66739.3828125,0.17325500441711938,1,0
2026-03-31 02:00:00+00:00,67948.859375,0.5038649334378426,1,0
2026-03-31 07:00:00+00:00,67316.1640625,0.02229386497137281,0,0
2026-03-31 08:00:00+00:00,66766.40625,0.027274868690064617,0,0
2026-03-31 10:00:00+00:00,66294.359375,0.013021303308810257,0,0
2026-03-31 11:00:00+00:00,66638.390625,0.018919480668691903,0,0
2026-03-31 12:00:00+00:00,66617.140625,0.015305692121000393,0,0
2026-03-31 13:00:00+00:00,67197.9765625,0.01638847451562535,0,0
2026-03-31 15:00:00+00:00,66695.515625,0.028954026783969182,0,0
2026-03-31 16:00:00+00:00,67551.109375,0.2519561909992725,1,0
2026-03-31 17:00:00+00:00,67426.0546875,0.09267403660852054,0,0
2026-03-31 18:00:00+00:00,67720.03125,0.23532123483176984,1,0
2026-03-31 20:00:00+00:00,68184.640625,0.7439997251098266,1,0
2026-03-31 21:00:00+00:00,68185.9765625,0.5122384715401863,1,0
2026-03-31 22:00:00+00:00,68148.875,0.06919468558728019,0,0
2026-03-31 23:00:00+00:00,68232.890625,0.4219607606039869,1,0
2026-04-01 00:00:00+00:00,68230.671875,0.058218771560102425,0,0
2026-04-01 03:00:00+00:00,68083.9375,0.35116424623057535,1,0
2026-04-01 04:00:00+00:00,68231.046875,0.04706121105759208,0,0
2026-04-01 06:00:00+00:00,69125.265625,0.4092451602677563,1,0
2026-04-01 07:00:00+00:00,68651.3828125,0.4936686754421895,1,0
2026-04-01 08:00:00+00:00,68671.5390625,0.2638925196526132,1,0
2026-04-01 09:00:00+00:00,68618.8515625,0.06738865810528243,0,0
2026-04-01 11:00:00+00:00,68687.2265625,0.07641651127071697,0,0
2026-04-01 13:00:00+00:00,68154.0546875,0.19707546524575878,1,0
2026-04-01 14:00:00+00:00,68581.8125,0.02086162833512395,0,0
2026-04-01 19:00:00+00:00,68152.3203125,0.36311238348493247,1,0
2026-04-01 20:00:00+00:00,68173.234375,0.05235478685317203,0,0
2026-04-02 02:00:00+00:00,66880.640625,0.007884443885509818,0,0
2026-04-02 03:00:00+00:00,66570.546875,0.006902660077849505,0,0
2026-04-02 04:00:00+00:00,66318.2578125,0.006718470299062128,0,0
2026-04-02 05:00:00+00:00,66595.1875,0.008188688240931503,0,0
2026-04-02 06:00:00+00:00,66641.453125,0.008207240278825806,0,0
2026-04-02 10:00:00+00:00,66444.28125,0.008456159778432231,0,0
2026-04-02 12:00:00+00:00,66032.328125,0.007641212716124403,0,0
2026-04-02 14:00:00+00:00,66939.234375,0.06882150628290584,0,0
2026-04-02 15:00:00+00:00,66785.171875,0.1329452528633173,1,0
2026-04-02 16:00:00+00:00,67104.25,0.6003270868124307,1,0
2026-04-02 17:00:00+00:00,66671.09375,0.05123857753341057,0,0
2026-04-02 18:00:00+00:00,66966.8984375,0.7161346280770335,1,0
2026-04-02 19:00:00+00:00,66993.984375,0.7733907570535553,1,0
2026-04-02 20:00:00+00:00,66940.75,0.6422201189934784,1,0
2026-04-03 00:00:00+00:00,66753.7578125,0.006451050366910717,0,0
2026-04-03 08:00:00+00:00,66961.9296875,0.011685613784314859,0,0
2026-04-03 09:00:00+00:00,66843.3203125,0.008179618686589315,0,0
2026-04-03 21:00:00+00:00,66925.671875,0.00831755963922164,0,0
2026-04-04 12:00:00+00:00,67084.578125,0.006690561156877151,0,0
2026-04-04 16:00:00+00:00,67442.90625,0.006308313050032208,0,0
2026-04-04 20:00:00+00:00,67259.1875,0.005905239957336458,0,0
2026-04-04 21:00:00+00:00,67366.3125,0.006229474925629487,0,0
2026-04-05 01:00:00+00:00,67091.6640625,0.00672005011922255,0,0
2026-04-05 02:00:00+00:00,67154.7734375,0.006962137696385815,0,0
2026-04-05 03:00:00+00:00,67113.9453125,0.007425918533738347,0,0
2026-04-05 04:00:00+00:00,67086.5078125,0.009487739397341415,0,0
2026-04-05 07:00:00+00:00,66795.5,0.009402114803015638,0,0
2026-04-05 08:00:00+00:00,66907.5234375,0.012038859822556185,0,0
2026-04-05 10:00:00+00:00,67033.0078125,0.009594839464541724,0,0
2026-04-05 11:00:00+00:00,66972.8359375,0.008702325717229684,0,0
2026-04-05 13:00:00+00:00,66876.3671875,0.01216378785884234,0,0
2026-04-05 14:00:00+00:00,66906.125,0.009234452285608962,0,0
2026-04-05 16:00:00+00:00,67188.7421875,0.009143848779791254,0,0
2026-04-05 17:00:00+00:00,67334.2890625,0.009484745832276653,0,0
2026-04-05 19:00:00+00:00,67301.609375,0.007061618410800467,0,0
2026-04-05 21:00:00+00:00,67540.8203125,0.006256547181721436,0,0
2026-04-05 22:00:00+00:00,68325.484375,0.006690585091977793,0,0
2026-04-05 23:00:00+00:00,68982.9140625,0.0061771121749724925,0,0
2026-04-06 00:00:00+00:00,69076.7109375,0.00966930914155085,0,0
2026-04-06 01:00:00+00:00,68801.5390625,0.010705314811861587,0,0
2026-04-06 02:00:00+00:00,69227.78125,0.00864331524333082,0,0
2026-04-06 03:00:00+00:00,69061.84375,0.011239514221784931,0,0
2026-04-06 04:00:00+00:00,69115.71875,0.00828672433620174,0,0
2026-04-06 05:00:00+00:00,69170.5234375,0.007688844098982174,0,0
2026-04-06 06:00:00+00:00,68969.6484375,0.01812063902470404,0,0
2026-04-06 07:00:00+00:00,69075.671875,0.018361545918739806,0,0
2026-04-06 08:00:00+00:00,69230.8046875,0.007984357303360511,0,0
2026-04-06 09:00:00+00:00,69734.3828125,0.0076359651758102914,0,0
2026-04-06 10:00:00+00:00,69730.765625,0.007192653354944194,0,0
2026-04-06 11:00:00+00:00,69595.9453125,0.0077687927983558225,0,0
2026-04-06 12:00:00+00:00,69356.1484375,0.02704788345984812,0,0
2026-04-06 13:00:00+00:00,69354.2890625,0.011708878225169438,0,0
2026-04-06 14:00:00+00:00,69660.390625,0.012370314542030452,0,0
2026-04-06 15:00:00+00:00,69930.125,0.008787707782616984,0,0
2026-04-06 17:00:00+00:00,69563.90625,0.0627880691877769,0,0
2026-04-06 18:00:00+00:00,69884.3203125,0.03815934597546059,0,0
2026-04-06 19:00:00+00:00,69704.140625,0.20177368684957442,1,0
2026-04-06 20:00:00+00:00,69839.546875,0.04218015699238349,0,1
2026-04-06 22:00:00+00:00,68918.875,0.036708069977087594,0,0
2026-04-07 00:00:00+00:00,68834.3125,0.0067960267445511145,0,0
2026-04-07 04:00:00+00:00,68876.296875,0.0077804221937759505,0,0
2026-04-07 11:00:00+00:00,68356.046875,0.006198816181034352,0,0
2026-04-07 12:00:00+00:00,68412.96875,0.006576691531547432,0,0
2026-04-07 14:00:00+00:00,67916.6953125,0.006226380503178903,0,0
2026-04-07 16:00:00+00:00,68216.5859375,0.007136702873464874,0,0
2026-04-07 19:00:00+00:00,68958.59375,0.006824958995169484,0,0
2026-04-07 20:00:00+00:00,69281.7109375,0.007876276224708571,0,0
2026-04-07 21:00:00+00:00,69908.7421875,0.009204665776006224,0,0
2026-04-07 22:00:00+00:00,71430.3515625,0.00977366182731293,0,0
2026-04-07 23:00:00+00:00,71950.1484375,0.006763324903900837,0,0
2026-04-08 00:00:00+00:00,71673.5703125,0.00604261390499361,0,0
2026-04-08 01:00:00+00:00,71457.9453125,0.006006857642743007,0,0
2026-04-08 02:00:00+00:00,71323.6015625,0.006323222360466251,0,0
2026-04-08 03:00:00+00:00,71289.5078125,0.005486659660807928,0,0
2026-04-08 04:00:00+00:00,71588.4609375,0.005450642867259515,0,0
2026-04-08 05:00:00+00:00,71718.125,0.005595503256040661,0,0
2026-04-08 06:00:00+00:00,71720.1875,0.006304242713928684,0,0
2026-04-08 07:00:00+00:00,71608.8203125,0.005794636368128026,0,0
2026-04-08 08:00:00+00:00,71759.0546875,0.005991146580341314,0,0
2026-04-08 09:00:00+00:00,71679.1796875,0.00587302735361598,0,0
2026-04-08 12:00:00+00:00,72078.859375,0.005744530669638082,0,0
2026-04-08 13:00:00+00:00,71523.8359375,0.0055990442259667,0,0
2026-04-08 14:00:00+00:00,70838.4921875,0.005599739555411183,0,0
2026-04-08 15:00:00+00:00,71301.046875,0.00621246672598599,0,0
2026-04-08 16:00:00+00:00,71619.1796875,0.006578180116873519,0,0
2026-04-08 17:00:00+00:00,71910.0546875,0.00614608238499388,0,0
2026-04-08 18:00:00+00:00,71126.171875,0.0060512572295453385,0,0
2026-04-08 19:00:00+00:00,71301.3984375,0.006531660204633825,0,0
2026-04-09 04:00:00+00:00,70766.5390625,0.006301424903977907,0,0
2026-04-09 16:00:00+00:00,72019.4765625,0.006562145960613674,0,0
2026-04-09 17:00:00+00:00,72345.8828125,0.006594241668372369,0,0
2026-04-09 18:00:00+00:00,71886.0859375,0.006387885329032313,0,0
2026-04-09 21:00:00+00:00,72256.9765625,0.00554556899824803,0,0
2026-04-09 22:00:00+00:00,72041.1171875,0.005954533965633105,0,0
2026-04-09 23:00:00+00:00,71774.3671875,0.005770682260689885,0,0
2026-04-10 00:00:00+00:00,71907.890625,0.005654177366563961,0,0
2026-04-10 01:00:00+00:00,72172.6484375,0.005614636223400461,0,0
2026-04-10 02:00:00+00:00,71953.8515625,0.005658993793450271,0,0
2026-04-10 05:00:00+00:00,72110.9609375,0.005573838159725332,0,0
2026-04-10 06:00:00+00:00,71818.6171875,0.005781526796036964,0,0
2026-04-10 09:00:00+00:00,71796.2734375,0.006661376209214508,0,0
2026-04-10 12:00:00+00:00,72259.9296875,0.006755894616179599,0,0
2026-04-10 13:00:00+00:00,72353.125,0.006070245976057874,0,0
2026-04-10 14:00:00+00:00,72902.0234375,0.005880702111618548,0,0
2026-04-10 15:00:00+00:00,72403.5390625,0.005989027833557545,0,0
2026-04-10 20:00:00+00:00,73377.0703125,0.005680857896112085,0,0
2026-04-10 21:00:00+00:00,73203.6953125,0.005729597186061071,0,0
2026-04-11 00:00:00+00:00,72841.375,0.0055020132387934425,0,0
2026-04-11 03:00:00+00:00,72867.390625,0.0055884829030308425,0,0
2026-04-11 19:00:00+00:00,73683.421875,0.005695378915183106,0,1
2026-04-12 00:00:00+00:00,73068.3828125,0.007967193208895761,0,1
2026-04-12 02:00:00+00:00,71810.359375,0.006771356197155673,0,0
2026-04-12 03:00:00+00:00,71660.0546875,0.006274754208827264,0,0
2026-04-12 04:00:00+00:00,71490.046875,0.005839238832382783,0,0
2026-04-12 05:00:00+00:00,71740.96875,0.006015447563209294,0,0
2026-04-12 06:00:00+00:00,71675.6640625,0.0066991590281925886,0,0
2026-04-12 07:00:00+00:00,71747.28125,0.006473774735145417,0,0
2026-04-12 09:00:00+00:00,71561.8203125,0.005936199816834897,0,0
2026-04-12 10:00:00+00:00,71458.2734375,0.005826524906364159,0,0
2026-04-12 11:00:00+00:00,71494.46875,0.005580096856498287,0,0
2026-04-12 12:00:00+00:00,71158.734375,0.005621193622735258,0,0
2026-04-12 13:00:00+00:00,70895.84375,0.005591774544822665,0,0
2026-04-12 14:00:00+00:00,70807.34375,0.005646446373538322,0,0
2026-04-12 15:00:00+00:00,70906.8203125,0.005661493135369095,0,0
2026-04-12 16:00:00+00:00,70902.7578125,0.006126995134201116,0,0
2026-04-12 18:00:00+00:00,71161.0703125,0.006233871438126017,0,0
2026-04-12 21:00:00+00:00,71284.375,0.006849071125016779,0,0
2026-04-12 23:00:00+00:00,70757.6171875,0.0064792566269268595,0,0
2026-04-13 00:00:00+00:00,71159.4609375,0.005876865356822893,0,0
2026-04-13 01:00:00+00:00,71221.5,0.006910740976442092,0,0
2026-04-13 05:00:00+00:00,70857.4375,0.005810240547778823,0,0
2026-04-13 06:00:00+00:00,71064.859375,0.005859134885538535,0,0
2026-04-13 07:00:00+00:00,70831.3125,0.006015534689310177,0,0
2026-04-13 08:00:00+00:00,70667.7890625,0.006050504979360316,0,0
2026-04-13 09:00:00+00:00,70789.25,0.00664430113251274,0,0
2026-04-13 12:00:00+00:00,71102.421875,0.007933193162063404,0,0
2026-04-13 13:00:00+00:00,71608.9296875,0.005832699527473887,0,0
2026-04-13 14:00:00+00:00,72420.1171875,0.007188083243948538,0,0
2026-04-13 15:00:00+00:00,71838.046875,0.005930243304815141,0,0
2026-04-13 16:00:00+00:00,72204.7265625,0.006019632708404419,0,0
2026-04-13 17:00:00+00:00,72153.3984375,0.006083195134902984,0,0
2026-04-13 18:00:00+00:00,72457.6875,0.005701968946440495,0,0
2026-04-13 19:00:00+00:00,73373.984375,0.006077840207745466,0,0
2026-04-13 20:00:00+00:00,73204.078125,0.005930719930602852,0,0
2026-04-13 21:00:00+00:00,73229.1640625,0.005728042125816515,0,0
2026-04-13 22:00:00+00:00,74640.609375,0.0072788701517665245,0,0
2026-04-13 23:00:00+00:00,74532.7421875,0.005667242538223652,0,0
2026-04-14 00:00:00+00:00,74162.0234375,0.010902586388100136,0,0
2026-04-14 01:00:00+00:00,74378.9921875,0.008870644536400149,0,0
2026-04-14 02:00:00+00:00,74374.3671875,0.00784013412606163,0,0
2026-04-14 04:00:00+00:00,74397.703125,0.007589195949050041,0,0
2026-04-14 07:00:00+00:00,74547.5546875,0.008398997696166588,0,0
2026-04-14 08:00:00+00:00,74776.1640625,0.008298767093342757,0,0
2026-04-14 09:00:00+00:00,74538.09375,0.007493227252179468,0,0
2026-04-14 10:00:00+00:00,74423.4453125,0.00786703935879611,0,0
2026-04-14 11:00:00+00:00,74456.0,0.008052362445788521,0,0
2026-04-14 12:00:00+00:00,74457.5859375,0.008684586978865575,0,0
2026-04-14 13:00:00+00:00,75490.3984375,0.022623057475191746,0,0
2026-04-14 14:00:00+00:00,75180.125,0.010822613730813443,0,0
2026-04-14 15:00:00+00:00,75367.1640625,0.010895940464647653,0,0
2026-04-14 16:00:00+00:00,74566.21875,0.010711919330645773,0,0
2026-04-14 19:00:00+00:00,74265.8984375,0.009580407578236921,0,0
2026-04-15 00:00:00+00:00,74601.5,0.006191267567939163,0,0
2026-04-15 01:00:00+00:00,74649.0,0.005786160338897212,0,0
2026-04-15 08:00:00+00:00,74139.28125,0.006231572810139234,0,0
2026-04-15 11:00:00+00:00,74233.3203125,0.006181864261747738,0,0
2026-04-15 13:00:00+00:00,74075.859375,0.00631479458028444,0,0
2026-04-15 20:00:00+00:00,74872.1484375,0.006135329710737177,0,0
2026-04-15 21:00:00+00:00,74765.3828125,0.006208703074940504,0,0
2026-04-16 04:00:00+00:00,74964.6484375,0.0058914730166003005,0,0
2026-04-16 06:00:00+00:00,75051.109375,0.0058065515764876355,0,0
2026-04-16 07:00:00+00:00,74721.5390625,0.005893308479382348,0,0
2026-04-16 09:00:00+00:00,74612.671875,0.006350025408501069,0,0
2026-04-16 12:00:00+00:00,74632.8671875,0.006721171000333376,0,0
2026-04-16 14:00:00+00:00,73973.203125,0.005663602382867821,0,0
2026-04-16 15:00:00+00:00,74719.9921875,0.005982719362245936,0,0
2026-04-16 16:00:00+00:00,74186.03125,0.005696673239813981,0,0
2026-04-16 17:00:00+00:00,74346.0,0.005833727117055881,0,0
2026-04-16 18:00:00+00:00,75054.4375,0.006921481111282057,0,0
2026-04-16 20:00:00+00:00,75245.9921875,0.006354253897122906,0,0
2026-04-16 21:00:00+00:00,74956.6015625,0.005499689420608222,0,0
2026-04-16 22:00:00+00:00,74888.609375,0.005698556213482948,0,0
2026-04-17 02:00:00+00:00,74730.1328125,0.006399816031526282,0,0
2026-04-17 08:00:00+00:00,75789.9921875,0.009714920597852037,0,0
2026-04-17 09:00:00+00:00,75811.4765625,0.007333960440266254,0,0
2026-04-17 10:00:00+00:00,75301.109375,0.0064354223615827435,0,0
2026-04-17 11:00:00+00:00,75622.578125,0.006314670905988248,0,0
2026-04-17 13:00:00+00:00,77388.0,0.008652510057995394,0,0
2026-04-17 14:00:00+00:00,77977.75,0.0067296404295152336,0,0
2026-04-17 15:00:00+00:00,77843.2734375,0.010971976502009493,0,0
2026-04-17 16:00:00+00:00,77907.2734375,0.006383333720139921,0,0
2026-04-17 17:00:00+00:00,77563.5078125,0.006181257649315802,0,0
2026-04-17 18:00:00+00:00,77206.0,0.00701908993853524,0,0
2026-04-17 19:00:00+00:00,77517.8671875,0.005845448344319008,0,0
2026-04-17 23:00:00+00:00,77098.0078125,0.005973246901957067,0,0
2026-04-18 00:00:00+00:00,77196.0,0.0055232746539616295,0,0
2026-04-18 05:00:00+00:00,77168.2890625,0.006109099153365262,0,0
2026-04-18 06:00:00+00:00,77160.0078125,0.005803045359455,0,0
2026-04-19 02:00:00+00:00,75523.859375,0.006725964324764549,0,0
2026-04-19 03:00:00+00:00,75549.65625,0.006847928287983819,0,0
2026-04-19 04:00:00+00:00,75700.0078125,0.007592666716263893,0,0
2026-04-19 07:00:00+00:00,75291.1171875,0.008052352517821377,0,0
2026-04-19 08:00:00+00:00,75293.171875,0.006897604879520124,0,0
2026-04-19 14:00:00+00:00,76064.9609375,0.015785018661666556,0,0
2026-04-19 15:00:00+00:00,75885.6171875,0.012552027744547178,0,0
2026-04-19 16:00:00+00:00,75416.0078125,0.01322110545626715,0,0
2026-04-19 18:00:00+00:00,74806.7109375,0.010411305939603469,0,0
2026-04-19 19:00:00+00:00,74985.0390625,0.008399451798346749,0,0
2026-04-19 20:00:00+00:00,74662.5625,0.006884383883251112,0,0
2026-04-19 22:00:00+00:00,74072.5390625,0.013866292480246763,0,0
2026-04-19 23:00:00+00:00,73815.203125,0.00860922816080261,0,0
2026-04-20 00:00:00+00:00,74305.296875,0.007337534807190112,0,0
2026-04-20 01:00:00+00:00,74621.4296875,0.006964006702821711,0,0
2026-04-20 02:00:00+00:00,74439.90625,0.007707784574198462,0,0
2026-04-20 03:00:00+00:00,74665.6171875,0.0070364154588235805,0,0
2026-04-20 04:00:00+00:00,74593.59375,0.00853170895266757,0,0
2026-04-20 06:00:00+00:00,74820.1796875,0.006309232810653067,0,0
2026-04-20 07:00:00+00:00,74860.0234375,0.006966180752692892,0,0
2026-04-20 08:00:00+00:00,74758.0078125,0.007661953750368524,0,0
2026-04-20 09:00:00+00:00,75100.4375,0.006706175269640749,0,0
2026-04-20 10:00:00+00:00,75068.6875,0.019552838232531157,0,0
2026-04-20 11:00:00+00:00,75232.7265625,0.00806152177609857,0,0
2026-04-20 13:00:00+00:00,75316.890625,0.02306534463351743,0,0
2026-04-20 14:00:00+00:00,75071.84375,0.008409647627049028,0,0
2026-04-20 15:00:00+00:00,75750.0,0.006841275285429312,0,0
2026-04-20 16:00:00+00:00,75378.7890625,0.007291191988264803,0,0
2026-04-20 17:00:00+00:00,75937.3125,0.007069237101655855,0,0
2026-04-20 19:00:00+00:00,76330.9375,0.007359962783801785,0,0
2026-04-20 20:00:00+00:00,76317.28125,0.006503024848438888,0,0
2026-04-20 21:00:00+00:00,75988.0078125,0.005973963594157598,0,0
2026-04-20 22:00:00+00:00,76004.671875,0.007234309206263503,0,0
2026-04-21 08:00:00+00:00,76545.65625,0.009052951246404602,0,0
2026-04-21 09:00:00+00:00,76388.3984375,0.010284999756331683,0,0
2026-04-21 11:00:00+00:00,76478.6171875,0.011136957105851225,0,0
2026-04-21 12:00:00+00:00,76044.5625,0.019048713831862928,0,0
2026-04-21 13:00:00+00:00,75922.0,0.007535596649118612,0,0
2026-04-21 14:00:00+00:00,75687.4765625,0.00821658870914785,0,0
2026-04-21 23:00:00+00:00,76356.0,0.01693706210537504,0,0
2026-04-22 00:00:00+00:00,76337.15625,0.012659799572210619,0,0
2026-04-22 01:00:00+00:00,76316.7890625,0.012630247336018476,0,0
2026-04-22 02:00:00+00:00,77626.0078125,0.011224172951267097,0,0
2026-04-22 03:00:00+00:00,77541.546875,0.009786585318134793,0,0
2026-04-22 04:00:00+00:00,77536.0,0.008820267328499614,0,0
2026-04-22 05:00:00+00:00,77991.9296875,0.007652886316064561,0,0
2026-04-22 06:00:00+00:00,78024.40625,0.008733478610551909,0,0
2026-04-22 07:00:00+00:00,78007.6875,0.009254784599093032,0,0
2026-04-22 08:00:00+00:00,78029.6875,0.008168360449629297,0,0
2026-04-22 09:00:00+00:00,78035.796875,0.00912199758037935,0,0
2026-04-22 10:00:00+00:00,78186.5625,0.010093050051048989,0,0
2026-04-22 11:00:00+00:00,78322.546875,0.007004443596454093,0,0
2026-04-22 13:00:00+00:00,78887.4375,0.006772646559145934,0,0
2026-04-22 14:00:00+00:00,79077.25,0.008528426360936422,0,0
2026-04-22 15:00:00+00:00,79325.3828125,0.00823698547662871,0,0
2026-04-22 16:00:00+00:00,78777.3671875,0.007716506026154026,0,0
2026-04-22 17:00:00+00:00,78923.0,0.007277353481047606,0,0
2026-04-22 22:00:00+00:00,78642.8984375,0.008273646616201539,0,0
2026-04-22 23:00:00+00:00,78208.546875,0.011591008833569899,0,0
2026-04-23 00:00:00+00:00,78449.546875,0.006258095412776292,0,0
2026-04-23 01:00:00+00:00,78382.9921875,0.006058221546391687,0,0
2026-04-23 02:00:00+00:00,77967.4609375,0.0064460445177708285,0,0
2026-04-23 04:00:00+00:00,77935.4609375,0.00839382521766997,0,0
2026-04-23 10:00:00+00:00,77425.90625,0.006576160157218955,0,0
2026-04-23 11:00:00+00:00,77722.2890625,0.00716496723675826,0,0
2026-04-23 16:00:00+00:00,78128.6015625,0.008505974195266318,0,0
2026-04-23 18:00:00+00:00,77739.09375,0.006780534885039417,0,0
2026-04-23 19:00:00+00:00,77743.15625,0.006475286038660913,0,0
2026-04-23 20:00:00+00:00,77906.1015625,0.0069030953745057135,0,0
2026-04-24 04:00:00+00:00,77682.90625,0.007406318831755076,0,0
2026-04-24 05:00:00+00:00,77974.2890625,0.013937036286439376,0,0
2026-04-24 08:00:00+00:00,77808.7265625,0.011389557400467265,0,0
2026-04-24 12:00:00+00:00,78290.6484375,0.009967297939553588,0,0
2026-04-24 14:00:00+00:00,78074.15625,0.007515521313445883,0,0
2026-04-24 15:00:00+00:00,78068.03125,0.009377129343992057,0,0
2026-04-24 17:00:00+00:00,77707.1484375,0.009213513912782361,0,0
2026-04-24 22:00:00+00:00,77360.0,0.007280802242595014,0,0
2026-04-24 23:00:00+00:00,77461.796875,0.0072080151545592455,0,0
2026-04-25 00:00:00+00:00,77483.4375,0.009268191288199187,0,0
2026-04-25 20:00:00+00:00,77497.0703125,0.014791610583507092,0,0
2026-04-26 00:00:00+00:00,77520.34375,0.006282843828971091,0,0
2026-04-26 06:00:00+00:00,78019.1875,0.00597692281540266,0,0
2026-04-26 08:00:00+00:00,78050.0078125,0.005825732963923637,0,0
2026-04-26 09:00:00+00:00,78026.90625,0.0058502652690897135,0,0
2026-04-26 10:00:00+00:00,78024.640625,0.005732032477741375,0,0
2026-04-26 13:00:00+00:00,77993.7421875,0.005597885315468894,0,0
2026-04-26 14:00:00+00:00,78108.3828125,0.005600732588413388,0,0
2026-04-26 15:00:00+00:00,78073.1328125,0.005831585442162716,0,0
2026-04-26 18:00:00+00:00,78301.9921875,0.0055973160304802465,0,0
2026-04-26 19:00:00+00:00,78258.0,0.005423867412272265,0,0
2026-04-26 20:00:00+00:00,78228.578125,0.005531611741285053,0,0
2026-04-26 21:00:00+00:00,78437.9609375,0.005671121737850016,0,0
2026-04-26 22:00:00+00:00,78333.2421875,0.005774230633022615,0,0
2026-04-26 23:00:00+00:00,78664.640625,0.005678352416819166,0,0
2026-04-27 00:00:00+00:00,79277.9921875,0.007924053518975734,0,0
2026-04-27 01:00:00+00:00,79295.421875,0.007985409864134995,0,1
2026-04-27 02:00:00+00:00,79150.0,0.00798352420757468,0,0
2026-04-27 03:00:00+00:00,79120.0234375,0.007244537301941648,0,0
2026-04-27 04:00:00+00:00,78942.0234375,0.007915604471367748,0,0
2026-04-27 05:00:00+00:00,77798.7109375,0.010459418675107503,0,0
2026-04-27 06:00:00+00:00,77707.9765625,0.007883479041022826,0,0
2026-04-27 07:00:00+00:00,77621.2109375,0.0070946253982790055,0,0
2026-04-27 08:00:00+00:00,77811.5625,0.008083291740660269,0,0
2026-04-27 09:00:00+00:00,77902.453125,0.008111048213726272,0,0
2026-04-27 10:00:00+00:00,77857.453125,0.00821425082384577,0,0
2026-04-27 11:00:00+00:00,77847.890625,0.007681538556557233,0,0
2026-04-27 12:00:00+00:00,77671.0390625,0.0075160084765965056,0,0
2026-04-27 13:00:00+00:00,77750.0,0.006859407984630318,0,0
2026-04-27 14:00:00+00:00,77813.84375,0.006125077240326066,0,0
2026-04-27 15:00:00+00:00,76789.5390625,0.006856303924724425,0,0
2026-04-27 16:00:00+00:00,76610.0078125,0.006100353669630504,0,0
2026-04-27 17:00:00+00:00,76721.2265625,0.006007225213264019,0,0
2026-04-27 18:00:00+00:00,76819.203125,0.006301902268190561,0,0
2026-04-27 19:00:00+00:00,76884.4296875,0.006134761177158066,0,0
2026-04-27 20:00:00+00:00,76955.359375,0.006350670303065759,0,0
2026-04-27 21:00:00+00:00,76777.0,0.006453172080108085,0,0
2026-04-28 08:00:00+00:00,76856.0,0.008443328531513255,0,0
2026-04-28 09:00:00+00:00,76587.2421875,0.009784905495916289,0,0
2026-04-28 12:00:00+00:00,76383.4921875,0.00792061253071419,0,0
2026-04-28 13:00:00+00:00,76183.671875,0.007432224721089229,0,0
2026-04-28 14:00:00+00:00,75940.0,0.007716094410690489,0,0
2026-04-28 15:00:00+00:00,76052.296875,0.008796715437213342,0,0
2026-04-28 19:00:00+00:00,76324.8671875,0.007916304679342888,0,0
2026-04-28 21:00:00+00:00,76349.5234375,0.009498494662360718,0,0
2026-04-28 22:00:00+00:00,76229.796875,0.01128364198296061,0,0
2026-04-29 00:00:00+00:00,76502.3515625,0.009662620557613109,0,0
2026-04-29 02:00:00+00:00,76508.640625,0.010806907021812428,0,0
2026-04-29 05:00:00+00:00,77280.359375,0.016105057247742513,0,0
2026-04-29 06:00:00+00:00,77016.0,0.027152413786861344,0,0
2026-04-29 07:00:00+00:00,77034.0390625,0.014001115453962189,0,0
2026-04-29 10:00:00+00:00,77618.0,0.050292340099773306,0,1
2026-04-29 11:00:00+00:00,77581.9296875,0.012208968947329858,0,1
2026-04-29 13:00:00+00:00,76751.5,0.02030723099695003,0,0
2026-04-29 16:00:00+00:00,75766.9375,0.01323730919561151,0,0
2026-04-29 17:00:00+00:00,76127.9609375,0.01087319142857131,0,0
2026-04-29 18:00:00+00:00,75483.8203125,0.010370293704305472,0,0
2026-04-29 19:00:00+00:00,75528.6171875,0.008613479804610306,0,0
2026-04-29 20:00:00+00:00,75644.46875,0.008029084887147526,0,0
2026-04-29 21:00:00+00:00,75902.5390625,0.007928858331596698,0,0
2026-04-29 22:00:00+00:00,75893.2890625,0.009264320121204388,0,0
2026-04-29 23:00:00+00:00,75752.8671875,0.008384567802497165,0,0
2026-04-30 00:00:00+00:00,76232.5625,0.006300282255801095,0,0
2026-04-30 01:00:00+00:00,76212.84375,0.006200376467992875,0,0
2026-04-30 03:00:00+00:00,75901.8203125,0.00590629390104478,0,0
2026-04-30 06:00:00+00:00,75726.171875,0.006011247884269145,0,0
2026-04-30 13:00:00+00:00,76381.9921875,0.006036311536103792,0,0
2026-05-01 00:00:00+00:00,76423.2421875,0.013827733653587986,0,0
2026-05-01 04:00:00+00:00,77004.9921875,0.007154679626945324,0,0
2026-05-01 05:00:00+00:00,77140.578125,0.007358227729359426,0,0
2026-05-01 08:00:00+00:00,77358.3984375,0.007279910871488029,0,0
2026-05-01 09:00:00+00:00,77266.0,0.006535525977559346,0,0
2026-05-01 11:00:00+00:00,77452.7265625,0.0067100623451695155,0,0
2026-05-01 12:00:00+00:00,77889.2734375,0.0067813865581632495,0,0
2026-05-01 13:00:00+00:00,78759.96875,0.007927720052697419,0,0
2026-05-01 14:00:00+00:00,78364.2734375,0.007454901182681831,0,0
2026-05-01 15:00:00+00:00,78445.1171875,0.006782972149956207,0,0
2026-05-01 16:00:00+00:00,78202.9296875,0.0076058471334707,0,0
2026-05-01 17:00:00+00:00,78550.0,0.00654189033203144,0,0
2026-05-01 18:00:00+00:00,78436.171875,0.0065946643903182665,0,0
2026-05-01 19:00:00+00:00,78373.9765625,0.007109359052903228,0,0
2026-05-01 20:00:00+00:00,77872.8125,0.007508841038388705,0,0
2026-05-01 21:00:00+00:00,78207.0390625,0.007557531857819175,0,0
2026-05-01 22:00:00+00:00,78146.6796875,0.008820672443266595,0,0
2026-05-01 23:00:00+00:00,78234.046875,0.006543503227451097,0,0
2026-05-02 06:00:00+00:00,78324.0234375,0.005870825074890652,0,0
2026-05-02 22:00:00+00:00,78833.9765625,0.006169902833881117,0,0
2026-05-03 00:00:00+00:00,78551.7109375,0.007100467389456691,0,0
2026-05-03 02:00:00+00:00,78162.8671875,0.007505599914312904,0,0
2026-05-03 08:00:00+00:00,78379.390625,0.00705510870896713,0,0
2026-05-03 10:00:00+00:00,78404.7734375,0.007781634801771383,0,0
2026-05-03 11:00:00+00:00,78656.859375,0.006748695826503796,0,0
2026-05-03 12:00:00+00:00,78746.1328125,0.006577042136626082,0,0
2026-05-03 13:00:00+00:00,78652.7265625,0.006434240991836751,0,0
2026-05-03 15:00:00+00:00,78656.84375,0.006557053237450416,0,0
2026-05-03 16:00:00+00:00,78650.53125,0.006640174362671508,0,0
2026-05-03 18:00:00+00:00,78732.28125,0.007896995890606504,0,0
2026-05-03 20:00:00+00:00,78920.4375,0.007468407018142014,0,0
2026-05-03 21:00:00+00:00,78822.53125,0.007190699797323779,0,0
2026-05-03 23:00:00+00:00,78558.8828125,0.0066476442808590715,0,0
2026-05-04 00:00:00+00:00,78537.4296875,0.006062492721328848,0,0
2026-05-04 01:00:00+00:00,79756.453125,0.010332515736827546,0,0
2026-05-04 02:00:00+00:00,80171.7265625,0.013468954640772067,0,0
2026-05-04 03:00:00+00:00,80308.609375,0.009635474629766667,0,0
2026-05-04 04:00:00+00:00,80320.453125,0.009246174211389367,0,0
2026-05-04 05:00:00+00:00,80013.5703125,0.009175784611900457,0,0
2026-05-04 06:00:00+00:00,79859.6328125,0.008327313394019601,0,0
2026-05-04 07:00:00+00:00,79685.78125,0.0069482019582637325,0,0
2026-05-04 08:00:00+00:00,79692.8203125,0.006320067689710029,0,0
2026-05-04 09:00:00+00:00,79817.5,0.006336413994863165,0,0
2026-05-04 10:00:00+00:00,78935.2109375,0.0071343635673164485,0,0
2026-05-04 11:00:00+00:00,78782.953125,0.006039945230143048,0,0
2026-05-04 12:00:00+00:00,78852.0390625,0.006543247189053723,0,0
2026-05-04 13:00:00+00:00,78774.7265625,0.0065539034617656255,0,0
2026-05-04 14:00:00+00:00,80229.578125,0.006705758327688857,0,0
2026-05-04 15:00:00+00:00,80038.3125,0.007933920991840215,0,0
2026-05-04 16:00:00+00:00,80027.5078125,0.008615087873715397,0,0
2026-05-04 17:00:00+00:00,80381.53125,0.008707140589354128,0,0
2026-05-04 18:00:00+00:00,80108.8984375,0.006804847538066007,0,0
2026-05-04 19:00:00+00:00,80049.5703125,0.007333761254646842,0,0
2026-05-04 20:00:00+00:00,79935.828125,0.005771958389053122,0,0
2026-05-05 00:00:00+00:00,80163.9921875,0.005463578160301809,0,0
2026-05-05 08:00:00+00:00,80817.96875,0.005461586139090016,0,0
2026-05-05 09:00:00+00:00,80585.84375,0.005555716462089524,0,0
2026-05-05 10:00:00+00:00,80833.703125,0.005487661371262069,0,0
